Level	Setting	Gene	Alterations	Cancer Types	Drugs (for therapeutic implications only)
1	Germline	ATM	Pathogenic Variants	Prostate Cancer	Olaparib
1	Germline	ATM	Pathogenic Variants	Prostate Cancer	Talazoparib + Enzalutamide
1	Germline	BARD1	Pathogenic Variants	Prostate Cancer	Olaparib
1	Germline	BRCA1	Pathogenic Variants	Breast Cancer	Olaparib
1	Germline	BRCA1	Pathogenic Variants	Breast Cancer	Talazoparib
1	Germline	BRCA1	Pathogenic Variants	Pancreatic Adenocarcinoma, Acinar Cell Carcinoma of the Pancreas	Olaparib
1	Germline	BRCA1	Pathogenic Variants	Peritoneal Serous Carcinoma, Ovarian Cancer, Ovary/Fallopian Tube	Niraparib
1	Germline	BRCA1	Pathogenic Variants	Peritoneal Serous Carcinoma, Ovarian Cancer, Ovary/Fallopian Tube	Olaparib
1	Germline	BRCA1	Pathogenic Variants	Peritoneal Serous Carcinoma, Ovarian Cancer, Ovary/Fallopian Tube	Olaparib + Bevacizumab
1	Germline	BRCA1	Pathogenic Variants	Peritoneal Serous Carcinoma, Ovarian Cancer, Ovary/Fallopian Tube	Rucaparib
1	Germline	BRCA1	Pathogenic Variants	Prostate Cancer	Niraparib + Abiraterone Acetate + Prednisone
1	Germline	BRCA1	Pathogenic Variants	Prostate Cancer	Olaparib
1	Germline	BRCA1	Pathogenic Variants	Prostate Cancer	Olaparib + Abiraterone + Prednisone
1	Germline	BRCA1	Pathogenic Variants	Prostate Cancer	Rucaparib
1	Germline	BRCA1	Pathogenic Variants	Prostate Cancer	Talazoparib + Enzalutamide
1	Germline	BRCA2	Pathogenic Variants	Breast Cancer	Olaparib
1	Germline	BRCA2	Pathogenic Variants	Breast Cancer	Talazoparib
1	Germline	BRCA2	Pathogenic Variants	Pancreatic Adenocarcinoma, Acinar Cell Carcinoma of the Pancreas	Olaparib
1	Germline	BRCA2	Pathogenic Variants	Peritoneal Serous Carcinoma, Ovarian Cancer, Ovarian/Fallopian Tube Cancer	Niraparib
1	Germline	BRCA2	Pathogenic Variants	Peritoneal Serous Carcinoma, Ovarian Cancer, Ovarian/Fallopian Tube Cancer	Olaparib
1	Germline	BRCA2	Pathogenic Variants	Peritoneal Serous Carcinoma, Ovarian Cancer, Ovarian/Fallopian Tube Cancer	Olaparib + Bevacizumab
1	Germline	BRCA2	Pathogenic Variants	Peritoneal Serous Carcinoma, Ovarian Cancer, Ovarian/Fallopian Tube Cancer	Rucaparib
1	Germline	BRCA2	Pathogenic Variants	Prostate Cancer	Niraparib + Abiraterone Acetate + Prednisone
1	Germline	BRCA2	Pathogenic Variants	Prostate Cancer	Olaparib
1	Germline	BRCA2	Pathogenic Variants	Prostate Cancer	Olaparib + Abiraterone + Prednisone
1	Germline	BRCA2	Pathogenic Variants	Prostate Cancer	Rucaparib
1	Germline	BRCA2	Pathogenic Variants	Prostate Cancer	Talazoparib + Enzalutamide
1	Germline	BRIP1	Pathogenic Variants	Prostate Cancer	Olaparib
1	Germline	CHEK2	Pathogenic Variants	Prostate Cancer	Olaparib
1	Germline	CHEK2	Pathogenic Variants	Prostate Cancer	Talazoparib + Enzalutamide
1	Germline	FANCA	Pathogenic Variants	Prostate Cancer	Talazoparib + Enzalutamide
1	Germline	MLH1	Pathogenic Variants	Prostate Cancer	Talazoparib + Enzalutamide
1	Germline	NBN	Pathogenic Variants	Prostate Cancer	Talazoparib + Enzalutamide
1	Germline	NF1	Pathogenic Variants	Neurofibroma	Mirdametinib
1	Germline	NF1	Pathogenic Variants	Neurofibroma	Selumetinib
1	Germline	PALB2	Pathogenic Variants	Prostate Cancer	Olaparib
1	Germline	PALB2	Pathogenic Variants	Prostate Cancer	Talazoparib + Enzalutamide
1	Germline	PTCH1	Pathogenic Variants	Basal Cell Carcinoma	Vismodegib
1	Germline	RAD51B	Pathogenic Variants	Prostate Cancer	Olaparib
1	Germline	RAD51C	Pathogenic Variants	Prostate Cancer	Olaparib
1	Germline	RAD51C	Pathogenic Variants	Prostate Cancer	Talazoparib + Enzalutamide
1	Germline	RAD51D	Pathogenic Variants	Prostate Cancer	Olaparib
1	Germline	RET	Pathogenic Variants	Medullary Thyroid Cancer	Selpercatinib
1	Germline	TSC1	Pathogenic Variants	Encapsulated Glioma	Everolimus
1	Germline	TSC1	Pathogenic Variants	Renal Angiomyolipoma	Everolimus
1	Germline	TSC2	Pathogenic Variants	Encapsulated Glioma	Everolimus
1	Germline	TSC2	Pathogenic Variants	Renal Angiomyolipoma	Everolimus
1	Germline	VHL	Pathogenic Variants (excluding c.429C>T, c.571C>G and c.598C>T)	Hemangioblastoma	Belzutifan
1	Germline	VHL	Pathogenic Variants (excluding c.429C>T, c.571C>G and c.598C>T)	Pancreatic Neuroendocrine Tumor	Belzutifan
1	Germline	VHL	Pathogenic Variants (excluding c.429C>T, c.571C>G and c.598C>T)	Renal Cell Carcinoma	Belzutifan
1	Somatic	ABL1	BCR-ABL1 Fusion	B-Lymphoblastic Leukemia/Lymphoma	Dasatinib
1	Somatic	ABL1	BCR-ABL1 Fusion	B-Lymphoblastic Leukemia/Lymphoma	Imatinib
1	Somatic	ABL1	BCR-ABL1 Fusion	B-Lymphoblastic Leukemia/Lymphoma	Ponatinib
1	Somatic	ABL1	BCR-ABL1 Fusion	Chronic Myelogenous Leukemia	Asciminib
1	Somatic	ABL1	BCR-ABL1 Fusion	Chronic Myelogenous Leukemia	Bosutinib
1	Somatic	ABL1	BCR-ABL1 Fusion	Chronic Myelogenous Leukemia	Dasatinib
1	Somatic	ABL1	BCR-ABL1 Fusion	Chronic Myelogenous Leukemia	Imatinib
1	Somatic	ABL1	BCR-ABL1 Fusion	Chronic Myelogenous Leukemia	Nilotinib
1	Somatic	ABL1	T315I	B-Lymphoblastic Leukemia/Lymphoma	Ponatinib
1	Somatic	ABL1	T315I	Chronic Myelogenous Leukemia	Asciminib
1	Somatic	ABL1	T315I	Chronic Myelogenous Leukemia	Ponatinib
1	Somatic	AKT1	E17K	Breast Cancer	Capivasertib + Fulvestrant
1	Somatic	ALK	Fusions	Anaplastic Large-Cell Lymphoma ALK Positive	Crizotinib
1	Somatic	ALK	Fusions	Inflammatory Myofibroblastic Tumor	Crizotinib
1	Somatic	ALK	Fusions	Non-Small Cell Lung Cancer	Alectinib
1	Somatic	ALK	Fusions	Non-Small Cell Lung Cancer	Brigatinib
1	Somatic	ALK	Fusions	Non-Small Cell Lung Cancer	Ceritinib
1	Somatic	ALK	Fusions	Non-Small Cell Lung Cancer	Crizotinib
1	Somatic	ALK	Fusions	Non-Small Cell Lung Cancer	Ensartinib
1	Somatic	ALK	Fusions	Non-Small Cell Lung Cancer	Lorlatinib
1	Somatic	ATM	Oncogenic Mutations	Prostate Cancer	Olaparib
1	Somatic	ATM	Oncogenic Mutations	Prostate Cancer	Talazoparib + Enzalutamide
1	Somatic	ATR	Oncogenic Mutations	Prostate Cancer	Talazoparib + Enzalutamide
1	Somatic	BARD1	Oncogenic Mutations	Prostate Cancer	Olaparib
1	Somatic	BRAF	Fusions	Low-Grade Glioma, NOS	Tovorafenib
1	Somatic	BRAF	V600	Erdheim-Chester Disease	Vemurafenib
1	Somatic	BRAF	V600	Low-Grade Glioma, NOS	Tovorafenib
1	Somatic	BRAF	V600	Melanoma	Vemurafenib + Atezolizumab + Cobimetinib
1	Somatic	BRAF	V600E	All Solid Tumors (excluding Colorectal Cancer)	Dabrafenib + Trametinib
1	Somatic	BRAF	V600E	Anaplastic Thyroid Cancer	Dabrafenib + Trametinib
1	Somatic	BRAF	V600E	Biliary Tract, Hepatobiliary Cancer	Dabrafenib + Trametinib
1	Somatic	BRAF	V600E	Colorectal Cancer	Encorafenib + Cetuximab
1	Somatic	BRAF	V600E	Colorectal Cancer	Encorafenib + Cetuximab + FOLFOX Regimen
1	Somatic	BRAF	V600E	Low-Grade Glioma, NOS	Dabrafenib + Trametinib
1	Somatic	BRAF	V600E	Melanoma	Dabrafenib
1	Somatic	BRAF	V600E	Melanoma	Vemurafenib
1	Somatic	BRAF	V600E	Non-Small Cell Lung Cancer	Dabrafenib + Trametinib
1	Somatic	BRAF	V600E	Non-Small Cell Lung Cancer	Encorafenib + Binimetinib
1	Somatic	BRAF	V600E, V600K	Melanoma	Dabrafenib + Trametinib
1	Somatic	BRAF	V600E, V600K	Melanoma	Encorafenib + Binimetinib
1	Somatic	BRAF	V600E, V600K	Melanoma	Trametinib
1	Somatic	BRAF	V600E, V600K	Melanoma	Vemurafenib + Cobimetinib
1	Somatic	BRCA1	Oncogenic Mutations	Peritoneal Serous Carcinoma, Ovarian Cancer, Ovary/Fallopian Tube	Niraparib
1	Somatic	BRCA1	Oncogenic Mutations	Peritoneal Serous Carcinoma, Ovarian Cancer, Ovary/Fallopian Tube	Olaparib
1	Somatic	BRCA1	Oncogenic Mutations	Peritoneal Serous Carcinoma, Ovarian Cancer, Ovary/Fallopian Tube	Olaparib + Bevacizumab
1	Somatic	BRCA1	Oncogenic Mutations	Peritoneal Serous Carcinoma, Ovarian Cancer, Ovary/Fallopian Tube	Rucaparib
1	Somatic	BRCA1	Oncogenic Mutations	Prostate Cancer	Niraparib + Abiraterone Acetate + Prednisone
1	Somatic	BRCA1	Oncogenic Mutations	Prostate Cancer	Olaparib
1	Somatic	BRCA1	Oncogenic Mutations	Prostate Cancer	Olaparib + Abiraterone + Prednisone
1	Somatic	BRCA1	Oncogenic Mutations	Prostate Cancer	Rucaparib
1	Somatic	BRCA1	Oncogenic Mutations	Prostate Cancer	Talazoparib + Enzalutamide
1	Somatic	BRCA2	Oncogenic Mutations	Peritoneal Serous Carcinoma, Ovarian Cancer, Ovary/Fallopian Tube	Niraparib
1	Somatic	BRCA2	Oncogenic Mutations	Peritoneal Serous Carcinoma, Ovarian Cancer, Ovary/Fallopian Tube	Olaparib
1	Somatic	BRCA2	Oncogenic Mutations	Peritoneal Serous Carcinoma, Ovarian Cancer, Ovary/Fallopian Tube	Olaparib + Bevacizumab
1	Somatic	BRCA2	Oncogenic Mutations	Peritoneal Serous Carcinoma, Ovarian Cancer, Ovary/Fallopian Tube	Rucaparib
1	Somatic	BRCA2	Oncogenic Mutations	Prostate Cancer	Niraparib + Abiraterone Acetate + Prednisone
1	Somatic	BRCA2	Oncogenic Mutations	Prostate Cancer	Olaparib
1	Somatic	BRCA2	Oncogenic Mutations	Prostate Cancer	Olaparib + Abiraterone + Prednisone
1	Somatic	BRCA2	Oncogenic Mutations	Prostate Cancer	Rucaparib
1	Somatic	BRCA2	Oncogenic Mutations	Prostate Cancer	Talazoparib + Enzalutamide
1	Somatic	BRIP1	Oncogenic Mutations	Prostate Cancer	Olaparib
1	Somatic	CDK12	Oncogenic Mutations	Prostate Cancer	Olaparib
1	Somatic	CDK12	Oncogenic Mutations	Prostate Cancer	Talazoparib + Enzalutamide
1	Somatic	CHEK1	Oncogenic Mutations	Prostate Cancer	Olaparib
1	Somatic	CHEK2	Oncogenic Mutations	Prostate Cancer	Olaparib
1	Somatic	CHEK2	Oncogenic Mutations	Prostate Cancer	Talazoparib + Enzalutamide
1	Somatic	EGFR	Exon 19 in-frame deletions, L858R	Non-Small Cell Lung Cancer	Afatinib
1	Somatic	EGFR	Exon 19 in-frame deletions, L858R	Non-Small Cell Lung Cancer	Amivantamab + Chemotherapy
1	Somatic	EGFR	Exon 19 in-frame deletions, L858R	Non-Small Cell Lung Cancer	Amivantamab + Lazertinib
1	Somatic	EGFR	Exon 19 in-frame deletions, L858R	Non-Small Cell Lung Cancer	Dacomitinib
1	Somatic	EGFR	Exon 19 in-frame deletions, L858R	Non-Small Cell Lung Cancer	Erlotinib
1	Somatic	EGFR	Exon 19 in-frame deletions, L858R	Non-Small Cell Lung Cancer	Erlotinib + Ramucirumab
1	Somatic	EGFR	Exon 19 in-frame deletions, L858R	Non-Small Cell Lung Cancer	Gefitinib
1	Somatic	EGFR	Exon 19 in-frame deletions, L858R	Non-Small Cell Lung Cancer	Osimertinib
1	Somatic	EGFR	Exon 19 in-frame deletions, L858R	Non-Small Cell Lung Cancer	Osimertinib + Chemotherapy
1	Somatic	EGFR	Exon 20 in-frame insertions	Non-Small Cell Lung Cancer	Amivantamab
1	Somatic	EGFR	Exon 20 in-frame insertions	Non-Small Cell Lung Cancer	Amivantamab + Chemotherapy
1	Somatic	EGFR	Exon 20 in-frame insertions	Non-Small Cell Lung Cancer	Sunvozertinib
1	Somatic	EGFR	G719	Non-Small Cell Lung Cancer	Afatinib
1	Somatic	EGFR	L861Q	Non-Small Cell Lung Cancer	Afatinib
1	Somatic	EGFR	Oncogenic Mutations	Non-Small Cell Lung Cancer	Datopotamab Deruxtecan
1	Somatic	EGFR	S768I	Non-Small Cell Lung Cancer	Afatinib
1	Somatic	EGFR	T790M	Non-Small Cell Lung Cancer	Osimertinib
1	Somatic	ERBB2	Amplification	Breast Cancer	Ado-Trastuzumab Emtansine
1	Somatic	ERBB2	Amplification	Breast Cancer	Lapatinib + Capecitabine
1	Somatic	ERBB2	Amplification	Breast Cancer	Lapatinib + Letrozole
1	Somatic	ERBB2	Amplification	Breast Cancer	Margetuximab + Chemotherapy
1	Somatic	ERBB2	Amplification	Breast Cancer	Neratinib
1	Somatic	ERBB2	Amplification	Breast Cancer	Neratinib + Capecitabine
1	Somatic	ERBB2	Amplification	Breast Cancer	Trastuzumab
1	Somatic	ERBB2	Amplification	Breast Cancer	Trastuzumab + Chemotherapy
1	Somatic	ERBB2	Amplification	Breast Cancer	Trastuzumab + Pertuzumab + Chemotherapy
1	Somatic	ERBB2	Amplification	Breast Cancer	Trastuzumab + Tucatinib + Capecitabine
1	Somatic	ERBB2	Amplification	Breast Cancer	Trastuzumab Deruxtecan
1	Somatic	ERBB2	Amplification	Breast Cancer	Trastuzumab Deruxtecan + Pertuzumab
1	Somatic	ERBB2	Amplification	Colorectal Cancer	Tucatinib + Trastuzumab
1	Somatic	ERBB2	Amplification	Esophagogastric Adenocarcinoma	Pembrolizumab + Trastuzumab + Chemotherapy
1	Somatic	ERBB2	Amplification	Esophagogastric Adenocarcinoma	Trastuzumab + Chemotherapy
1	Somatic	ERBB2	Amplification	Esophagogastric Adenocarcinoma	Trastuzumab Deruxtecan
1	Somatic	ERBB2	Exon 20 in-frame insertions	Non-Small Cell Lung Cancer (excluding Lung Squamous Cell Carcinoma)	Sevabertinib
1	Somatic	ERBB2	Exon 20 in-frame insertions	Non-Small Cell Lung Cancer (excluding Lung Squamous Cell Carcinoma)	Zongertinib
1	Somatic	ERBB2	Oncogenic missense mutations in the tyrosine kinase domain (TKD)	Non-Small Cell Lung Cancer (excluding Lung Squamous Cell Carcinoma)	Sevabertinib
1	Somatic	ERBB2	Oncogenic missense mutations in the tyrosine kinase domain (TKD)	Non-Small Cell Lung Cancer (excluding Lung Squamous Cell Carcinoma)	Zongertinib
1	Somatic	ERBB2	Oncogenic Mutations	Non-Small Cell Lung Cancer	Trastuzumab Deruxtecan
1	Somatic	ESR1	D538, E380, L469V, L536, S463F, S463P, V422del, Y537	Breast Cancer	Imlunestrant
1	Somatic	ESR1	Oncogenic missense mutations in the ligand binding domain (LBD)	Breast Cancer	Elacestrant
1	Somatic	EZH2	A682G, A692V, Y646C, Y646F, Y646H, Y646N, Y646S	Follicular Lymphoma	Tazemetostat
1	Somatic	FANCA	Oncogenic Mutations	Prostate Cancer	Talazoparib + Enzalutamide
1	Somatic	FANCL	Oncogenic Mutations	Prostate Cancer	Olaparib
1	Somatic	FGFR1	Fusions	Myeloid/Lymphoid Neoplasms with Eosinophilia and Rearrangement of  PDGFRA/PDGFRB or FGFR1 or with PCM1-JAK2	Pemigatinib
1	Somatic	FGFR2	Fusions	Cholangiocarcinoma	Futibatinib
1	Somatic	FGFR2	Fusions	Cholangiocarcinoma	Pemigatinib
1	Somatic	FGFR3	FGFR3-BAIAP2L1 Fusion, FGFR3-TACC3 Fusion	Bladder Cancer	Erdafitinib
1	Somatic	FGFR3	G370C, R248C, S249C, Y373C	Bladder Cancer	Erdafitinib
1	Somatic	FLT3	D835, I836, Internal Tandem Duplication	Acute Myeloid Leukemia	Gilteritinib
1	Somatic	FLT3	D835, I836, Internal Tandem Duplication	Acute Myeloid Leukemia	Midostaurin + High Dose Chemotherapy
1	Somatic	FLT3	Internal Tandem Duplication	Acute Myeloid Leukemia	Quizartinib
1	Somatic	H3-3A	K28M	Pediatric-Type Diffuse High-Grade Glioma (excluding Diffuse Hemispheric Glioma, H3 G34-Mutant, Infant-Type Hemispheric Glioma, Diffuse Pediatric-Type High-Grade Glioma, H3-Wildtype and IDH-Wildtype)	Dordaviprone
1	Somatic	H3C2	K28M	Pediatric-Type Diffuse High-Grade Glioma (excluding Diffuse Hemispheric Glioma, H3 G34-Mutant, Infant-Type Hemispheric Glioma, Diffuse Pediatric-Type High-Grade Glioma, H3-Wildtype and IDH-Wildtype)	Dordaviprone
1	Somatic	H3C3	K28M	Pediatric-Type Diffuse High-Grade Glioma (excluding Diffuse Hemispheric Glioma, H3 G34-Mutant, Infant-Type Hemispheric Glioma, Diffuse Pediatric-Type High-Grade Glioma, H3-Wildtype and IDH-Wildtype)	Dordaviprone
1	Somatic	IDH1	R132C, R132G, R132H, R132L, R132S	Acute Myeloid Leukemia	Ivosidenib
1	Somatic	IDH1	R132C, R132G, R132H, R132L, R132S	Acute Myeloid Leukemia	Olutasidenib
1	Somatic	IDH1	R132C, R132G, R132H, R132L, R132S	Astrocytoma, IDH-Mutant, Oligodendroglioma, IDH-mutant, and 1p/19q-Codeleted	Vorasidenib
1	Somatic	IDH1	R132C, R132G, R132H, R132L, R132S	Cholangiocarcinoma, Intrahepatic Cholangiocarcinoma	Ivosidenib
1	Somatic	IDH1	R132C, R132G, R132H, R132L, R132S	Myelodysplastic Syndromes	Ivosidenib
1	Somatic	IDH2	R140G, R140L, R140Q, R140W, R172G, R172K, R172M, R172S, R172W	Acute Myeloid Leukemia	Enasidenib
1	Somatic	IDH2	R172G, R172K, R172M, R172S, R172W	Astrocytoma, IDH-Mutant, Oligodendroglioma, IDH-mutant, and 1p/19q-Codeleted	Vorasidenib
1	Somatic	KIT	D816	Mastocytosis	Avapritinib
1	Somatic	KIT	Oncogenic Mutations	Gastrointestinal Stromal Tumor	Imatinib
1	Somatic	KIT	Oncogenic Mutations	Gastrointestinal Stromal Tumor	Regorafenib
1	Somatic	KIT	Oncogenic Mutations	Gastrointestinal Stromal Tumor	Ripretinib
1	Somatic	KIT	Oncogenic Mutations	Gastrointestinal Stromal Tumor	Sunitinib
1	Somatic	KMT2A	Fusions	Acute Leukemias of Ambiguous Lineage	Revumenib
1	Somatic	KMT2A	Fusions	Acute Myeloid Leukemia	Revumenib
1	Somatic	KMT2A	Fusions	B-Lymphoblastic Leukemia/Lymphoma	Revumenib
1	Somatic	KRAS	G12C	Colorectal Cancer	Adagrasib + Cetuximab
1	Somatic	KRAS	G12C	Colorectal Cancer	Sotorasib + Panitumumab
1	Somatic	KRAS	G12C	Non-Small Cell Lung Cancer	Adagrasib
1	Somatic	KRAS	G12C	Non-Small Cell Lung Cancer	Sotorasib
1	Somatic	KRAS	Oncogenic Mutations	Low-Grade Serous Ovarian Cancer	Avutometinib + Defactinib
1	Somatic	KRAS	Wildtype	Colorectal Cancer	Cetuximab
1	Somatic	KRAS	Wildtype	Colorectal Cancer	Cetuximab + Chemotherapy
1	Somatic	KRAS	Wildtype	Colorectal Cancer	Panitumumab
1	Somatic	KRAS	Wildtype	Colorectal Cancer	Panitumumab + Chemotherapy
1	Somatic	MET	D1010, Exon 14 Deletion, Exon 14 in-frame deletions, Exon 14 splice mutations	Non-Small Cell Lung Cancer	Capmatinib
1	Somatic	MET	D1010, Exon 14 Deletion, Exon 14 in-frame deletions, Exon 14 splice mutations	Non-Small Cell Lung Cancer	Tepotinib
1	Somatic	MLH1	Oncogenic Mutations	Prostate Cancer	Talazoparib + Enzalutamide
1	Somatic	MRE11	Oncogenic Mutations	Prostate Cancer	Talazoparib + Enzalutamide
1	Somatic	NBN	Oncogenic Mutations	Prostate Cancer	Talazoparib + Enzalutamide
1	Somatic	NF1	Oncogenic Mutations	Neurofibroma	Mirdametinib
1	Somatic	NF1	Oncogenic Mutations	Neurofibroma	Selumetinib
1	Somatic	NPM1	K134delinsQLLSGLQ, K141_142insLSALSISGK, L135insALELGN, L136_137insAEDVKLL, NPM1-CCDC28A Fusion, NPM1-HAUS1 Fusion, NPM1-MLF1 Fusion, NPM1-RPP30 Fusion, Truncating mutations in exon 11, Truncating mutations in exon 5, Truncating mutations in exon 9	Acute Myeloid Leukemia	Revumenib
1	Somatic	NPM1	K134delinsQLLSGLQ, K141_142insLSALSISGK, L135insALELGN, L136_137insAEDVKLL, NPM1-CCDC28A Fusion, NPM1-HAUS1 Fusion, NPM1-MLF1 Fusion, NPM1-RPP30 Fusion, Truncating mutations in exon 11, Truncating mutations in exon 5, Truncating mutations in exon 9	Acute Myeloid Leukemia	Ziftomenib
1	Somatic	NRAS	Wildtype	Colorectal Cancer	Panitumumab
1	Somatic	NRAS	Wildtype	Colorectal Cancer	Panitumumab + Chemotherapy
1	Somatic	NRG1	Fusions	Non-Small Cell Lung Cancer	Zenocutuzumab
1	Somatic	NRG1	Fusions	Pancreatic Adenocarcinoma	Zenocutuzumab
1	Somatic	NTRK1	Fusions	All Solid Tumors	Entrectinib
1	Somatic	NTRK1	Fusions	All Solid Tumors	Larotrectinib
1	Somatic	NTRK1	Fusions	All Solid Tumors	Repotrectinib
1	Somatic	NTRK2	Fusions	All Solid Tumors	Entrectinib
1	Somatic	NTRK2	Fusions	All Solid Tumors	Larotrectinib
1	Somatic	NTRK2	Fusions	All Solid Tumors	Repotrectinib
1	Somatic	NTRK3	Fusions	All Solid Tumors	Entrectinib
1	Somatic	NTRK3	Fusions	All Solid Tumors	Larotrectinib
1	Somatic	NTRK3	Fusions	All Solid Tumors	Repotrectinib
1	Somatic	Other Biomarkers	Microsatellite Instability-High	All Solid Tumors	Pembrolizumab
1	Somatic	Other Biomarkers	Microsatellite Instability-High	Colorectal Cancer	Ipilimumab + Nivolumab
1	Somatic	Other Biomarkers	Microsatellite Instability-High	Colorectal Cancer	Nivolumab
1	Somatic	Other Biomarkers	Microsatellite Instability-High	Colorectal Cancer	Pembrolizumab
1	Somatic	Other Biomarkers	Microsatellite Instability-High	Endometrial Cancer	Dostarlimab + Carboplatin + Paclitaxel
1	Somatic	Other Biomarkers	Microsatellite Instability-High	Endometrial Cancer	Pembrolizumab
1	Somatic	Other Biomarkers	Tumor Mutational Burden-High	All Solid Tumors	Pembrolizumab
1	Somatic	PALB2	Oncogenic Mutations	Prostate Cancer	Olaparib
1	Somatic	PALB2	Oncogenic Mutations	Prostate Cancer	Talazoparib + Enzalutamide
1	Somatic	PDGFB	COL1A1-PDGFB Fusion	Dermatofibrosarcoma Protuberans	Imatinib
1	Somatic	PDGFRA	Exon 18 in-frame deletions, Exon 18 in-frame insertions, Exon 18 missense mutations	Gastrointestinal Stromal Tumor	Avapritinib
1	Somatic	PDGFRA	FIP1L1-PDGFRA Fusion	Chronic Eosinophilic Leukemia, NOS	Imatinib
1	Somatic	PDGFRA	Fusions	Myelodysplastic/Myeloproliferative Neoplasms	Imatinib
1	Somatic	PDGFRB	Fusions	Myelodysplastic/Myeloproliferative Neoplasms	Imatinib
1	Somatic	PIK3CA	C420R, E542K, E545A, E545D, E545G, E545K, H1047L, H1047R, H1047Y, Q546E, Q546R	Breast Cancer	Alpelisib + Fulvestrant
1	Somatic	PIK3CA	C420R, E542K, E545A, E545D, E545G, E545K, H1047L, H1047R, H1047Y, Q546E, Q546R	Breast Cancer	Capivasertib + Fulvestrant
1	Somatic	PIK3CA	E545Q, G1049R, M1043I, M1043V, N345K, Q546K, Q546P, R88Q	Breast Cancer	Capivasertib + Fulvestrant
1	Somatic	PIK3CA	Oncogenic Mutations	Breast Cancer	Inavolisib + Palbociclib + Fulvestrant
1	Somatic	PTEN	Oncogenic Mutations	Breast Cancer	Capivasertib + Fulvestrant
1	Somatic	RAD51B	Oncogenic Mutations	Prostate Cancer	Olaparib
1	Somatic	RAD51C	Oncogenic Mutations	Prostate Cancer	Olaparib
1	Somatic	RAD51C	Oncogenic Mutations	Prostate Cancer	Talazoparib + Enzalutamide
1	Somatic	RAD51D	Oncogenic Mutations	Prostate Cancer	Olaparib
1	Somatic	RAD54L	Oncogenic Mutations	Prostate Cancer	Olaparib
1	Somatic	RARA	PML-RARA Fusion	APL with PML-RARA	Arsenic Trioxide
1	Somatic	RARA	PML-RARA Fusion	APL with PML-RARA	Tretinoin
1	Somatic	RARA	PML-RARA Fusion	APL with PML-RARA	Tretinoin + Arsenic Trioxide
1	Somatic	RET	Fusions	All Solid Tumors	Selpercatinib
1	Somatic	RET	Fusions	Non-Small Cell Lung Cancer	Pralsetinib
1	Somatic	RET	Fusions	Non-Small Cell Lung Cancer	Selpercatinib
1	Somatic	RET	Fusions	Thyroid Cancer	Pralsetinib
1	Somatic	RET	Fusions	Thyroid Cancer	Selpercatinib
1	Somatic	RET	Oncogenic Mutations	Medullary Thyroid Cancer	Selpercatinib
1	Somatic	ROS1	Fusions	Non-Small Cell Lung Cancer	Crizotinib
1	Somatic	ROS1	Fusions	Non-Small Cell Lung Cancer	Entrectinib
1	Somatic	ROS1	Fusions	Non-Small Cell Lung Cancer	Repotrectinib
1	Somatic	ROS1	Fusions	Non-Small Cell Lung Cancer	Taletrectinib
1	Somatic	SMARCB1	Deletion	Epithelioid Sarcoma	Tazemetostat
1	Somatic	TSC1	Oncogenic Mutations	Encapsulated Glioma	Everolimus
1	Somatic	TSC2	Oncogenic Mutations	Encapsulated Glioma	Everolimus
R1	Somatic	ABL1	E255K, E255V, F317C, F317I, F317L, F317V, F359C, F359I, F359V, G250E, T315A, V299L, Y253H	B-Lymphoblastic Leukemia/Lymphoma	Imatinib
R1	Somatic	ABL1	E255K, E255V, F317C, F317I, F317L, F317V, F359C, F359I, F359V, G250E, T315A, V299L, Y253H	Chronic Myelogenous Leukemia	Imatinib
R1	Somatic	ABL1	E255K, E255V, F359C, F359I, F359V, G250E, Y253H	B-Lymphoblastic Leukemia/Lymphoma	Nilotinib
R1	Somatic	ABL1	E255K, E255V, F359C, F359I, F359V, G250E, Y253H	Chronic Myelogenous Leukemia	Nilotinib
R1	Somatic	ABL1	F317C, F317I, F317L, F317V, T315A, V299L	B-Lymphoblastic Leukemia/Lymphoma	Dasatinib
R1	Somatic	ABL1	F317C, F317I, F317L, F317V, T315A, V299L	Chronic Myelogenous Leukemia	Dasatinib
R1	Somatic	ABL1	F317L, G250E, V299L	B-Lymphoblastic Leukemia/Lymphoma	Bosutinib
R1	Somatic	ABL1	F317L, G250E, V299L	Chronic Myelogenous Leukemia	Bosutinib
R1	Somatic	ABL1	T315I	B-Lymphoblastic Leukemia/Lymphoma	Bosutinib
R1	Somatic	ABL1	T315I	B-Lymphoblastic Leukemia/Lymphoma	Dasatinib
R1	Somatic	ABL1	T315I	B-Lymphoblastic Leukemia/Lymphoma	Imatinib
R1	Somatic	ABL1	T315I	B-Lymphoblastic Leukemia/Lymphoma	Nilotinib
R1	Somatic	ABL1	T315I	Chronic Myelogenous Leukemia	Bosutinib
R1	Somatic	ABL1	T315I	Chronic Myelogenous Leukemia	Dasatinib
R1	Somatic	ABL1	T315I	Chronic Myelogenous Leukemia	Imatinib
R1	Somatic	ABL1	T315I	Chronic Myelogenous Leukemia	Nilotinib
R1	Somatic	BTK	C481S	Chronic Lymphocytic Leukemia/Small Lymphocytic Lymphoma	Ibrutinib
R1	Somatic	EGFR	Exon 20 in-frame insertions (excluding A763_Y764insFQEA)	Non-Small Cell Lung Cancer	Afatinib
R1	Somatic	EGFR	Exon 20 in-frame insertions (excluding A763_Y764insFQEA)	Non-Small Cell Lung Cancer	Erlotinib
R1	Somatic	EGFR	Exon 20 in-frame insertions (excluding A763_Y764insFQEA)	Non-Small Cell Lung Cancer	Gefitinib
R1	Somatic	EGFR	T790M	Non-Small Cell Lung Cancer	Afatinib
R1	Somatic	EGFR	T790M	Non-Small Cell Lung Cancer	Erlotinib
R1	Somatic	EGFR	T790M	Non-Small Cell Lung Cancer	Gefitinib
R1	Somatic	KRAS	Oncogenic Mutations	Colorectal Cancer	Cetuximab
R1	Somatic	KRAS	Oncogenic Mutations	Colorectal Cancer	Panitumumab
R1	Somatic	KRAS	Oncogenic Mutations	Colorectal Cancer	Tucatinib + Trastuzumab
R1	Somatic	NRAS	Oncogenic Mutations	Colorectal Cancer	Cetuximab
R1	Somatic	NRAS	Oncogenic Mutations	Colorectal Cancer	Panitumumab
R1	Somatic	NRAS	Oncogenic Mutations	Colorectal Cancer	Tucatinib + Trastuzumab
R1	Somatic	NTRK1	G595R	All Solid Tumors	Larotrectinib
R1	Somatic	NTRK3	F617L	All Solid Tumors	Larotrectinib
R1	Somatic	NTRK3	G623R	All Solid Tumors	Larotrectinib
R1	Somatic	NTRK3	G696A	All Solid Tumors	Larotrectinib
R1	Somatic	PDGFRA	D842V	Gastrointestinal Stromal Tumor	Imatinib
2	Germline	BRCA1	Pathogenic Variants	Pancreatic Adenocarcinoma, Acinar Cell Carcinoma of the Pancreas	Rucaparib
2	Germline	BRCA1	Pathogenic Variants	Peritoneal Serous Carcinoma, Ovarian Cancer, Ovary/Fallopian Tube	Niraparib + Bevacizumab
2	Germline	BRCA2	Pathogenic Variants	Pancreatic Adenocarcinoma, Acinar Cell Carcinoma of the Pancreas	Rucaparib
2	Germline	BRCA2	Pathogenic Variants	Peritoneal Serous Carcinoma, Ovarian Cancer, Ovarian/Fallopian Tube Cancer	Niraparib + Bevacizumab
2	Germline	PALB2	Pathogenic Variants	Pancreatic Cancer	Rucaparib
2	Germline	TSC1	Pathogenic Variants	Renal Angiomyolipoma	Sirolimus
2	Germline	TSC2	Pathogenic Variants	Renal Angiomyolipoma	Sirolimus
2	Somatic	ABL1	BCR-ABL1 Fusion	B-Lymphoblastic Leukemia/Lymphoma	Bosutinib
2	Somatic	ABL1	BCR-ABL1 Fusion	B-Lymphoblastic Leukemia/Lymphoma	Nilotinib
2	Somatic	ABL1	E255K, E255V, F317C, F317I, F317V, F359C, F359I, F359V, T315A, Y253H	B-Lymphoblastic Leukemia/Lymphoma	Bosutinib
2	Somatic	ABL1	E255K, E255V, F317C, F317I, F317V, F359C, F359I, F359V, T315A, Y253H	Chronic Myelogenous Leukemia	Bosutinib
2	Somatic	ABL1	E255K, E255V, F359C, F359I, F359V, Y253H	B-Lymphoblastic Leukemia/Lymphoma	Dasatinib
2	Somatic	ABL1	E255K, E255V, F359C, F359I, F359V, Y253H	Chronic Myelogenous Leukemia	Dasatinib
2	Somatic	ABL1	F317C, F317I, F317L, F317V, T315A, V299L	B-Lymphoblastic Leukemia/Lymphoma	Nilotinib
2	Somatic	ABL1	F317C, F317I, F317L, F317V, T315A, V299L	Chronic Myelogenous Leukemia	Nilotinib
2	Somatic	AKT1	Oncogenic Mutations (excluding E17K)	Breast Cancer	Capivasertib + Fulvestrant
2	Somatic	ALK	Fusions	Inflammatory Myofibroblastic Tumor	Alectinib
2	Somatic	ALK	Fusions	Inflammatory Myofibroblastic Tumor	Brigatinib
2	Somatic	ALK	Fusions	Inflammatory Myofibroblastic Tumor	Ceritinib
2	Somatic	ALK	Fusions	Inflammatory Myofibroblastic Tumor	Lorlatinib
2	Somatic	ALK	G1202R	Non-Small Cell Lung Cancer	Lorlatinib
2	Somatic	ALK	L1196M	Non-Small Cell Lung Cancer	Lorlatinib
2	Somatic	ARAF	Oncogenic Mutations	Erdheim-Chester Disease	Cobimetinib
2	Somatic	ARAF	Oncogenic Mutations	Erdheim-Chester Disease	Trametinib
2	Somatic	ARAF	Oncogenic Mutations	Langerhans Cell Histiocytosis	Cobimetinib
2	Somatic	ARAF	Oncogenic Mutations	Langerhans Cell Histiocytosis	Trametinib
2	Somatic	ARAF	Oncogenic Mutations	Rosai-Dorfman Disease	Cobimetinib
2	Somatic	ARAF	Oncogenic Mutations	Rosai-Dorfman Disease	Trametinib
2	Somatic	BRAF	Fusions	Pilocytic Astrocytoma	Selumetinib
2	Somatic	BRAF	Oncogenic Mutations (excluding V600)	Erdheim-Chester Disease	Cobimetinib
2	Somatic	BRAF	Oncogenic Mutations (excluding V600)	Erdheim-Chester Disease	Trametinib
2	Somatic	BRAF	Oncogenic Mutations (excluding V600)	Langerhans Cell Histiocytosis	Cobimetinib
2	Somatic	BRAF	Oncogenic Mutations (excluding V600)	Langerhans Cell Histiocytosis	Trametinib
2	Somatic	BRAF	Oncogenic Mutations (excluding V600)	Rosai-Dorfman Disease	Cobimetinib
2	Somatic	BRAF	Oncogenic Mutations (excluding V600)	Rosai-Dorfman Disease	Trametinib
2	Somatic	BRAF	V600	Langerhans Cell Histiocytosis	Dabrafenib
2	Somatic	BRAF	V600	Langerhans Cell Histiocytosis	Vemurafenib
2	Somatic	BRAF	V600 (excluding V600E and V600K)	Melanoma	Dabrafenib + Trametinib
2	Somatic	BRAF	V600 (excluding V600E and V600K)	Melanoma	Encorafenib + Binimetinib
2	Somatic	BRAF	V600 (excluding V600E and V600K)	Melanoma	Vemurafenib + Cobimetinib
2	Somatic	BRAF	V600E	Colorectal Cancer	Encorafenib + Panitumumab
2	Somatic	BRAF	V600E	Diffuse Glioma (excluding Diffuse Astrocytoma, MYB- or MYBL1-Altered, Astrocytoma, IDH-Mutant, Glioma, NOS, Oligodendroglioma, IDH-mutant, and 1p/19q-Codeleted, Diffuse Midline Glioma, H3 K27-Altered)	Vemurafenib + Cobimetinib
2	Somatic	BRAF	V600E	Encapsulated Glioma	Vemurafenib + Cobimetinib
2	Somatic	BRAF	V600E	Hairy Cell Leukemia	Vemurafenib
2	Somatic	BRAF	V600E	Pilocytic Astrocytoma	Selumetinib
2	Somatic	BRAF	V600E	Pleomorphic Xanthoastrocytoma, Ganglioglioma, Pilocytic Astrocytoma	Vemurafenib + Cobimetinib
2	Somatic	BRCA1	Oncogenic Mutations	Pancreatic Adenocarcinoma, Acinar Cell Carcinoma of the Pancreas	Rucaparib
2	Somatic	BRCA2	Oncogenic Mutations	Pancreatic Adenocarcinoma, Acinar Cell Carcinoma of the Pancreas	Rucaparib
2	Somatic	BRCA2	Oncogenic Mutations	Uterine Sarcoma	Niraparib
2	Somatic	BRCA2	Oncogenic Mutations	Uterine Sarcoma	Olaparib
2	Somatic	BRCA2	Oncogenic Mutations	Uterine Sarcoma	Rucaparib
2	Somatic	EGFR	A763_Y764insFQEA	Non-Small Cell Lung Cancer	Erlotinib
2	Somatic	EGFR	G719	Non-Small Cell Lung Cancer	Amivantamab + Chemotherapy
2	Somatic	EGFR	G719	Non-Small Cell Lung Cancer	Dacomitinib
2	Somatic	EGFR	G719	Non-Small Cell Lung Cancer	Erlotinib
2	Somatic	EGFR	G719	Non-Small Cell Lung Cancer	Gefitinib
2	Somatic	EGFR	G719	Non-Small Cell Lung Cancer	Osimertinib
2	Somatic	EGFR	L861Q	Non-Small Cell Lung Cancer	Amivantamab + Chemotherapy
2	Somatic	EGFR	L861Q	Non-Small Cell Lung Cancer	Dacomitinib
2	Somatic	EGFR	L861Q	Non-Small Cell Lung Cancer	Erlotinib
2	Somatic	EGFR	L861Q	Non-Small Cell Lung Cancer	Gefitinib
2	Somatic	EGFR	L861Q	Non-Small Cell Lung Cancer	Osimertinib
2	Somatic	EGFR	S768I	Non-Small Cell Lung Cancer	Amivantamab + Chemotherapy
2	Somatic	EGFR	S768I	Non-Small Cell Lung Cancer	Dacomitinib
2	Somatic	EGFR	S768I	Non-Small Cell Lung Cancer	Erlotinib
2	Somatic	EGFR	S768I	Non-Small Cell Lung Cancer	Gefitinib
2	Somatic	EGFR	S768I	Non-Small Cell Lung Cancer	Osimertinib
2	Somatic	ERBB2	Amplification	Biliary Tract, Hepatobiliary Cancer	Trastuzumab + Pertuzumab
2	Somatic	ERBB2	Amplification	Biliary Tract, Hepatobiliary Cancer	Tucatinib + Trastuzumab
2	Somatic	ERBB2	Amplification	Colorectal Cancer	Lapatinib + Trastuzumab
2	Somatic	ERBB2	Amplification	Colorectal Cancer	Trastuzumab + Pertuzumab
2	Somatic	ERBB2	Amplification	Colorectal Cancer	Trastuzumab Deruxtecan
2	Somatic	ERBB2	Amplification	Salivary Gland Cancer	Ado-Trastuzumab Emtansine
2	Somatic	ERBB2	Amplification	Salivary Gland Cancer	Trastuzumab
2	Somatic	ERBB2	Amplification	Salivary Gland Cancer	Trastuzumab + Docetaxel
2	Somatic	ERBB2	Amplification	Salivary Gland Cancer	Trastuzumab + Pertuzumab
2	Somatic	ERBB2	Amplification	Salivary Gland Cancer	Trastuzumab Deruxtecan
2	Somatic	ERBB2	Amplification	Small Bowel Cancer	Trastuzumab + Pertuzumab
2	Somatic	ERBB2	Amplification	Small Bowel Cancer	Trastuzumab + Tucatinib
2	Somatic	ERBB2	Amplification	Uterine Serous Carcinoma/Uterine Papillary Serous Carcinoma	Trastuzumab + Carboplatin-Taxol Regimen
2	Somatic	ERBB2	Oncogenic Mutations	Breast Cancer	Neratinib + Trastuzumab + Fulvestrant
2	Somatic	ERBB2	Oncogenic Mutations	Cervical Cancer	Neratinib
2	Somatic	ERBB2	Oncogenic Mutations	Non-Small Cell Lung Cancer	Ado-Trastuzumab Emtansine
2	Somatic	ERBB2	Oncogenic Mutations	Non-Small Cell Lung Cancer	Zongertinib
2	Somatic	ESR1	V422del	Breast Cancer	Elacestrant
2	Somatic	EZH2	Oncogenic Mutations (excluding Y646S, Y646H, Y646C, Y646F, Y646N, A682G and A692V)	Follicular Lymphoma	Tazemetostat
2	Somatic	FGFR1	Fusions	Pancreatic Cancer	Erdafitinib
2	Somatic	FGFR2	Fusions	Pancreatic Cancer	Erdafitinib
2	Somatic	FGFR2	Oncogenic Mutations	Non-Small Cell Lung Cancer	Erdafitinib
2	Somatic	FGFR3	Oncogenic Mutations	Bladder Cancer	Erdafitinib
2	Somatic	FGFR3	Oncogenic Mutations	Non-Small Cell Lung Cancer	Erdafitinib
2	Somatic	IDH1	Oncogenic Mutations	Astrocytoma, IDH-Mutant, Oligodendroglioma, IDH-mutant, and 1p/19q-Codeleted	Ivosidenib
2	Somatic	IDH1	Oncogenic Mutations	Chondrosarcoma	Ivosidenib
2	Somatic	JAK2	Fusions	Myeloid/Lymphoid Neoplasms with Eosinophilia and Rearrangement of  PDGFRA/PDGFRB or FGFR1 or with PCM1-JAK2	Fedratinib
2	Somatic	JAK2	Fusions	Myeloid/Lymphoid Neoplasms with Eosinophilia and Rearrangement of  PDGFRA/PDGFRB or FGFR1 or with PCM1-JAK2	Ruxolitinib
2	Somatic	KIT	A829P, C809G, D816, D820, N822, Y823D	Gastrointestinal Stromal Tumor	Sorafenib
2	Somatic	KIT	D579del, K642E, L576P, L576del, P577del, V559A, V560D, V560G, V560del, V654A, W557G, W557R, Y553_K558del	Melanoma	Imatinib
2	Somatic	KRAS	G12C	Ampullary Cancer	Adagrasib
2	Somatic	KRAS	G12C	Ampullary Cancer	Sotorasib
2	Somatic	KRAS	G12C	Colorectal Cancer	Adagrasib + Panitumumab
2	Somatic	KRAS	G12C	Colorectal Cancer	Sotorasib + Cetuximab
2	Somatic	KRAS	G12C	Hepatobiliary Cancer	Adagrasib
2	Somatic	KRAS	G12C	Pancreatic Adenocarcinoma	Adagrasib
2	Somatic	KRAS	G12C	Pancreatic Adenocarcinoma	Sotorasib
2	Somatic	KRAS	G12C	Small Bowel Cancer	Adagrasib
2	Somatic	KRAS	G12C	Small Bowel Cancer	Sotorasib
2	Somatic	KRAS	Oncogenic Mutations	Erdheim-Chester Disease	Cobimetinib
2	Somatic	KRAS	Oncogenic Mutations	Erdheim-Chester Disease	Trametinib
2	Somatic	KRAS	Oncogenic Mutations	Langerhans Cell Histiocytosis	Cobimetinib
2	Somatic	KRAS	Oncogenic Mutations	Langerhans Cell Histiocytosis	Trametinib
2	Somatic	KRAS	Oncogenic Mutations	Rosai-Dorfman Disease	Cobimetinib
2	Somatic	KRAS	Oncogenic Mutations	Rosai-Dorfman Disease	Trametinib
2	Somatic	MAP2K1	Oncogenic Mutations	Erdheim-Chester Disease	Cobimetinib
2	Somatic	MAP2K1	Oncogenic Mutations	Erdheim-Chester Disease	Trametinib
2	Somatic	MAP2K1	Oncogenic Mutations	Langerhans Cell Histiocytosis	Cobimetinib
2	Somatic	MAP2K1	Oncogenic Mutations	Langerhans Cell Histiocytosis	Trametinib
2	Somatic	MAP2K1	Oncogenic Mutations	Rosai-Dorfman Disease	Cobimetinib
2	Somatic	MAP2K1	Oncogenic Mutations	Rosai-Dorfman Disease	Trametinib
2	Somatic	MAP2K2	Oncogenic Mutations	Erdheim-Chester Disease	Cobimetinib
2	Somatic	MAP2K2	Oncogenic Mutations	Erdheim-Chester Disease	Trametinib
2	Somatic	MAP2K2	Oncogenic Mutations	Langerhans Cell Histiocytosis	Cobimetinib
2	Somatic	MAP2K2	Oncogenic Mutations	Langerhans Cell Histiocytosis	Trametinib
2	Somatic	MAP2K2	Oncogenic Mutations	Rosai-Dorfman Disease	Cobimetinib
2	Somatic	MAP2K2	Oncogenic Mutations	Rosai-Dorfman Disease	Trametinib
2	Somatic	MET	Amplification	Non-Small Cell Lung Cancer	Capmatinib
2	Somatic	MET	Amplification	Non-Small Cell Lung Cancer	Crizotinib
2	Somatic	MET	Amplification	Non-Small Cell Lung Cancer	Tepotinib
2	Somatic	MET	D1010, Exon 14 Deletion, Exon 14 in-frame deletions, Exon 14 splice mutations	Non-Small Cell Lung Cancer	Crizotinib
2	Somatic	NRAS	Oncogenic Mutations	Erdheim-Chester Disease	Cobimetinib
2	Somatic	NRAS	Oncogenic Mutations	Erdheim-Chester Disease	Trametinib
2	Somatic	NRAS	Oncogenic Mutations	Langerhans Cell Histiocytosis	Cobimetinib
2	Somatic	NRAS	Oncogenic Mutations	Langerhans Cell Histiocytosis	Trametinib
2	Somatic	NRAS	Oncogenic Mutations	Rosai-Dorfman Disease	Cobimetinib
2	Somatic	NRAS	Oncogenic Mutations	Rosai-Dorfman Disease	Trametinib
2	Somatic	Other Biomarkers	Microsatellite Instability-High	Colorectal Cancer	Dostarlimab
2	Somatic	Other Biomarkers	Microsatellite Instability-High	Small Bowel Cancer	Dostarlimab
2	Somatic	Other Biomarkers	Microsatellite Instability-High	Small Bowel Cancer	Ipilimumab + Nivolumab
2	Somatic	Other Biomarkers	Microsatellite Instability-High	Small Bowel Cancer	Nivolumab
2	Somatic	PALB2	Oncogenic Mutations	Pancreatic Adenocarcinoma, Acinar Cell Carcinoma of the Pancreas	Rucaparib
2	Somatic	PDGFRA	D842V	Gastrointestinal Stromal Tumor	Dasatinib
2	Somatic	PDGFRA	Oncogenic Mutations	Gastrointestinal Stromal Tumor	Imatinib
2	Somatic	PDGFRA	Oncogenic Mutations	Gastrointestinal Stromal Tumor	Regorafenib
2	Somatic	PDGFRA	Oncogenic Mutations	Gastrointestinal Stromal Tumor	Ripretinib
2	Somatic	PDGFRA	Oncogenic Mutations	Gastrointestinal Stromal Tumor	Sunitinib
2	Somatic	PIK3CA	Oncogenic Mutations (excluding C420R, E542K, E545A, E545D, E545G, E545K, Q546E, Q546R, H1047L, H1047R and H1047Y)	Breast Cancer	Alpelisib + Fulvestrant
2	Somatic	PIK3CA	Oncogenic Mutations (excluding C420R, E542K, E545A, E545D, E545G, E545K, Q546E, Q546R, H1047L, H1047R, H1047Y, R88Q, N345K, E545Q, Q546K, Q546P, M1043V, M1043I and G1049R)	Breast Cancer	Capivasertib + Fulvestrant
2	Somatic	POLD1	Oncogenic missense mutations in the exonuclease domain	Colorectal Cancer	Dostarlimab
2	Somatic	POLD1	Oncogenic missense mutations in the exonuclease domain	Colorectal Cancer	Ipilimumab + Nivolumab
2	Somatic	POLD1	Oncogenic missense mutations in the exonuclease domain	Colorectal Cancer	Nivolumab
2	Somatic	POLD1	Oncogenic missense mutations in the exonuclease domain	Colorectal Cancer	Pembrolizumab
2	Somatic	POLD1	Oncogenic missense mutations in the exonuclease domain	Small Bowel Cancer	Dostarlimab
2	Somatic	POLD1	Oncogenic missense mutations in the exonuclease domain	Small Bowel Cancer	Ipilimumab + Nivolumab
2	Somatic	POLD1	Oncogenic missense mutations in the exonuclease domain	Small Bowel Cancer	Nivolumab
2	Somatic	POLD1	Oncogenic missense mutations in the exonuclease domain	Small Bowel Cancer	Pembrolizumab
2	Somatic	POLE	Oncogenic missense mutations in the exonuclease domain	Colorectal Cancer	Dostarlimab
2	Somatic	POLE	Oncogenic missense mutations in the exonuclease domain	Colorectal Cancer	Ipilimumab + Nivolumab
2	Somatic	POLE	Oncogenic missense mutations in the exonuclease domain	Colorectal Cancer	Nivolumab
2	Somatic	POLE	Oncogenic missense mutations in the exonuclease domain	Colorectal Cancer	Pembrolizumab
2	Somatic	POLE	Oncogenic missense mutations in the exonuclease domain	Small Bowel Cancer	Dostarlimab
2	Somatic	POLE	Oncogenic missense mutations in the exonuclease domain	Small Bowel Cancer	Ipilimumab + Nivolumab
2	Somatic	POLE	Oncogenic missense mutations in the exonuclease domain	Small Bowel Cancer	Nivolumab
2	Somatic	POLE	Oncogenic missense mutations in the exonuclease domain	Small Bowel Cancer	Pembrolizumab
2	Somatic	RAF1	Oncogenic Mutations	Erdheim-Chester Disease	Cobimetinib
2	Somatic	RAF1	Oncogenic Mutations	Erdheim-Chester Disease	Trametinib
2	Somatic	RAF1	Oncogenic Mutations	Langerhans Cell Histiocytosis	Cobimetinib
2	Somatic	RAF1	Oncogenic Mutations	Langerhans Cell Histiocytosis	Trametinib
2	Somatic	RAF1	Oncogenic Mutations	Rosai-Dorfman Disease	Cobimetinib
2	Somatic	RAF1	Oncogenic Mutations	Rosai-Dorfman Disease	Trametinib
2	Somatic	RET	Fusions	Non-Small Cell Lung Cancer	Cabozantinib
2	Somatic	ROS1	Fusions	Non-Small Cell Lung Cancer	Ceritinib
2	Somatic	ROS1	Fusions	Non-Small Cell Lung Cancer	Lorlatinib
3	Somatic	AKT1	E17K	Ovarian Cancer, Endometrial Cancer	Capivasertib
3	Somatic	ALK	F1174C	Neuroblastoma	Lorlatinib
3	Somatic	ALK	F1174L	Neuroblastoma	Lorlatinib
3	Somatic	ALK	F1245V	Neuroblastoma	Lorlatinib
3	Somatic	ALK	F1245Y	Neuroblastoma	Lorlatinib
3	Somatic	ALK	Fusions	Non-Small Cell Lung Cancer	Neladalkib
3	Somatic	ALK	G1202R	Non-Small Cell Lung Cancer	Neladalkib
3	Somatic	ALK	R1275L	Neuroblastoma	Lorlatinib
3	Somatic	ALK	R1275Q	Neuroblastoma	Lorlatinib
3	Somatic	ARAF	Oncogenic Mutations	Histiocytosis	Cobimetinib
3	Somatic	ARAF	Oncogenic Mutations	Histiocytosis	Sorafenib
3	Somatic	ARAF	Oncogenic Mutations	Histiocytosis	Trametinib
3	Somatic	ARAF	Oncogenic Mutations	Non-Small Cell Lung Cancer	Sorafenib
3	Somatic	BRAF	Fusions	Melanoma	Cobimetinib
3	Somatic	BRAF	Fusions	Melanoma	Trametinib
3	Somatic	BRAF	Fusions	Ovarian Cancer	Cobimetinib
3	Somatic	BRAF	Fusions	Ovarian Cancer	Trametinib
3	Somatic	BRAF	K601	Melanoma	Trametinib
3	Somatic	BRAF	L597	Melanoma	Trametinib
3	Somatic	BRAF	Oncogenic Mutations (excluding V600)	Histiocytosis	Cobimetinib
3	Somatic	BRAF	Oncogenic Mutations (excluding V600)	Histiocytosis	Trametinib
3	Somatic	BRAF	V600	Histiocytosis	Dabrafenib
3	Somatic	BRAF	V600	Histiocytosis	Vemurafenib
3	Somatic	BRCA1	Oncogenic Mutations	Breast Cancer	Olaparib
3	Somatic	BRCA1	Oncogenic Mutations	Breast Cancer	Talazoparib
3	Somatic	BRCA1	Oncogenic Mutations	Pancreatic Adenocarcinoma, Acinar Cell Carcinoma of the Pancreas	Olaparib
3	Somatic	BRCA2	Oncogenic Mutations	Breast Cancer	Olaparib
3	Somatic	BRCA2	Oncogenic Mutations	Breast Cancer	Talazoparib
3	Somatic	BRCA2	Oncogenic Mutations	Pancreatic Adenocarcinoma, Acinar Cell Carcinoma of the Pancreas	Olaparib
3	Somatic	CCNE1	Amplification	Ovarian Cancer, Endometrial Cancer	Lunresertib + Camonsertib
3	Somatic	EGFR	Amplification	Esophagogastric Cancer	Cetuximab
3	Somatic	EGFR	Amplification	Esophagogastric Cancer	Cetuximab + Chemotherapy
3	Somatic	EGFR	Amplification	Esophagogastric Cancer	Panitumumab
3	Somatic	EGFR	Amplification	Esophagogastric Cancer	Panitumumab + Chemotherapy
3	Somatic	EGFR	E709_T710delinsD	Non-Small Cell Lung Cancer	Afatinib
3	Somatic	EGFR	Exon 19 in-frame deletions, Exon 19 in-frame insertions, G719, L858R, L861Q, S768I	Non-Small Cell Lung Cancer	Patritumab Deruxtecan
3	Somatic	EGFR	Exon 19 in-frame insertions	Non-Small Cell Lung Cancer	Erlotinib
3	Somatic	EGFR	Exon 19 in-frame insertions	Non-Small Cell Lung Cancer	Gefitinib
3	Somatic	EGFR	Exon 20 in-frame insertions	Non-Small Cell Lung Cancer	Poziotinib
3	Somatic	EGFR	Exon 20 in-frame insertions	Non-Small Cell Lung Cancer	Zipalertinib
3	Somatic	EGFR	G719	Non-Small Cell Lung Cancer	Amivantamab + Lazertinib
3	Somatic	EGFR	G724S	Non-Small Cell Lung Cancer	Afatinib
3	Somatic	EGFR	Kinase Domain Duplication	Non-Small Cell Lung Cancer	Afatinib
3	Somatic	EGFR	L718Q	Non-Small Cell Lung Cancer	Afatinib
3	Somatic	EGFR	L718V	Non-Small Cell Lung Cancer	Afatinib
3	Somatic	EGFR	L861Q	Non-Small Cell Lung Cancer	Amivantamab + Lazertinib
3	Somatic	EGFR	S768I	Non-Small Cell Lung Cancer	Amivantamab + Lazertinib
3	Somatic	ERBB2	Amplification	All Solid Tumors	Trastuzumab Deruxtecan
3	Somatic	ERBB2	Amplification	Biliary Tract, Hepatobiliary Cancer	Zanidatamab
3	Somatic	ERBB2	Oncogenic Mutations	Breast Cancer	Neratinib
3	Somatic	ERBB2	Oncogenic Mutations	Non-Small Cell Lung Cancer	Neratinib
3	Somatic	ERBB2	Oncogenic Mutations	Non-Small Cell Lung Cancer	Sevabertinib
3	Somatic	ERBB2	Oncogenic Mutations	Non-Small Cell Lung Cancer	Trastuzumab + Pertuzumab + Docetaxel
3	Somatic	ERCC2	Oncogenic Mutations	Bladder Cancer	Cisplatin
3	Somatic	ESR1	Oncogenic Mutations (excluding Fusions)	Breast Cancer	Fulvestrant
3	Somatic	FBXW7	Oncogenic Mutations	Ovarian Cancer, Endometrial Cancer	Lunresertib + Camonsertib
3	Somatic	FGFR2	Oncogenic Mutations	Cholangiocarcinoma	Lirafugratinib
3	Somatic	FLT3	Internal Tandem Duplication	Acute Myeloid Leukemia	Crenolanib
3	Somatic	FLT3	Internal Tandem Duplication	Acute Myeloid Leukemia	Sorafenib
3	Somatic	HRAS	Oncogenic Mutations	Bladder Urothelial Carcinoma	Tipifarnib
3	Somatic	HRAS	Oncogenic Mutations	Head and Neck Squamous Cell Carcinoma	Tipifarnib
3	Somatic	IDH1	R132	Glioma	Ivosidenib
3	Somatic	JAK2	PCM1-JAK2 Fusion	Chronic Eosinophilic Leukemia, NOS	Ruxolitinib
3	Somatic	KRAS	G12A, G12D, G12R, G12S, G12V	Non-Small Cell Lung Cancer	Daraxonrasib
3	Somatic	KRAS	G12A, G12D, G12R, G12S, G12V	Pancreatic Adenocarcinoma	Daraxonrasib
3	Somatic	KRAS	G12C	Esophagogastric Cancer, Tubular Adenoma of the Colon, Gastrointestinal Neuroendocrine Tumors of the Esophagus/Stomach, Anal Cancer	Adagrasib
3	Somatic	KRAS	G12D	Non-Small Cell Lung Cancer	Setidegrasib
3	Somatic	KRAS	G12D	Pancreatic Adenocarcinoma	Setidegrasib
3	Somatic	KRAS	Oncogenic Mutations	Histiocytosis	Cobimetinib
3	Somatic	KRAS	Oncogenic Mutations	Histiocytosis	Trametinib
3	Somatic	MAP2K1	Oncogenic Mutations	Histiocytosis	Cobimetinib
3	Somatic	MAP2K1	Oncogenic Mutations	Histiocytosis	Trametinib
3	Somatic	MAP2K1	Oncogenic Mutations	Melanoma, Non-Small Cell Lung Cancer, Low-Grade Serous Ovarian Cancer	Cobimetinib
3	Somatic	MAP2K1	Oncogenic Mutations	Melanoma, Non-Small Cell Lung Cancer, Low-Grade Serous Ovarian Cancer	Trametinib
3	Somatic	MAP2K2	Oncogenic Mutations	Histiocytosis	Cobimetinib
3	Somatic	MAP2K2	Oncogenic Mutations	Histiocytosis	Trametinib
3	Somatic	MDM2	Amplification	Biliary Tract, Hepatobiliary Cancer	Brigimadlin
3	Somatic	MDM2	Amplification	Biliary Tract, Hepatobiliary Cancer	Brigimadlin + Ezabenlimab
3	Somatic	MDM2	Amplification	Dedifferentiated Liposarcoma	Brigimadlin
3	Somatic	MDM2	Amplification	Intimal Sarcoma	Milademetan
3	Somatic	MDM2	Amplification	Well-Differentiated Liposarcoma	Brigimadlin
3	Somatic	MET	Amplification	Non-Small Cell Lung Cancer	Telisotuzumab Vedotin
3	Somatic	MET	F1200I	Non-Small Cell Lung Cancer	Elzovantinib
3	Somatic	MET	H1094Y	Non-Small Cell Lung Cancer	Elzovantinib
3	Somatic	MET	Y1003	Non-Small Cell Lung Cancer	Capmatinib
3	Somatic	MET	Y1003	Non-Small Cell Lung Cancer	Crizotinib
3	Somatic	MET	Y1003	Non-Small Cell Lung Cancer	Tepotinib
3	Somatic	MTAP	Deletion	All Solid Tumors	AMG 193
3	Somatic	MTAP	Deletion	All Solid Tumors	Navlimetostat 
3	Somatic	MTOR	E2014K, E2419K	Bladder Cancer	Everolimus
3	Somatic	MTOR	L2209V, L2427Q	Renal Cell Carcinoma	Temsirolimus
3	Somatic	MTOR	Q2223K	Renal Cell Carcinoma	Everolimus
3	Somatic	NRAS	Oncogenic Mutations	Histiocytosis	Cobimetinib
3	Somatic	NRAS	Oncogenic Mutations	Histiocytosis	Trametinib
3	Somatic	NRAS	Oncogenic Mutations	Melanoma	Binimetinib
3	Somatic	NRAS	Oncogenic Mutations	Thyroid Cancer	Selumetinib + Iodine I 131-6-Beta-Iodomethyl-19-Norcholesterol
3	Somatic	NRG1	Fusions	All Solid Tumors	Zenocutuzumab
3	Somatic	NRG1	Fusions	Non-Small Cell Lung Cancer	Seribantumab
3	Somatic	NTRK1	G595R	All Solid Tumors	Selitrectinib
3	Somatic	NTRK3	G623R	All Solid Tumors	Selitrectinib
3	Somatic	PPP2R1A	Oncogenic Mutations	Ovarian Cancer, Endometrial Cancer	Lunresertib + Camonsertib
3	Somatic	PTCH1	Truncating Mutations	Medulloblastoma	Sonidegib
3	Somatic	PTCH1	Truncating Mutations	Medulloblastoma	Vismodegib
3	Somatic	RAF1	Oncogenic Mutations	Histiocytosis	Cobimetinib
3	Somatic	RAF1	Oncogenic Mutations	Histiocytosis	Trametinib
3	Somatic	RET	Fusions	Non-Small Cell Lung Cancer	Vandetanib
3	Somatic	RET	Oncogenic Mutations	Medullary Thyroid Cancer	Pralsetinib
3	Somatic	ROS1	G2032R	Non-Small Cell Lung Cancer	Taletrectinib
3	Somatic	ROS1	L2086F	Non-Small Cell Lung Cancer	Cabozantinib
3	Somatic	SMARCA4	Oncogenic Mutations	Esophageal Adenocarcinoma	PRT3789
3	Somatic	SMARCA4	Oncogenic Mutations	Non-Small Cell Lung Cancer	PRT3789
3	Somatic	TP53	Y220C	All Solid Tumors	Rezatapopt
3	Somatic	TSC2	Oncogenic Mutations	Perivascular Epithelioid Cell Tumor, Uterine Perivascular Epithelioid Cell Tumor	Nab-sirolimus 
4	Somatic	ARID1A	Truncating Mutations	All Solid Tumors	OPN-2853 
4	Somatic	ARID1A	Truncating Mutations	All Solid Tumors	Tazemetostat
4	Somatic	BRAF	G464, G469A, G469R, G469V	All Solid Tumors	Plixorafenib
4	Somatic	BRAF	K601	All Solid Tumors	Plixorafenib
4	Somatic	BRAF	L597	All Solid Tumors	Plixorafenib
4	Somatic	CCNE1	Amplification	All Solid Tumors	BLU-222
4	Somatic	CCNE1	Amplification	All Solid Tumors	Lunresertib
4	Somatic	CCNE1	Amplification	All Solid Tumors	Lunresertib + Camonsertib
4	Somatic	CDK12	Truncating Mutations	All Solid Tumors	Cemiplimab
4	Somatic	CDK12	Truncating Mutations	All Solid Tumors	Nivolumab
4	Somatic	CDK12	Truncating Mutations	All Solid Tumors	Pembrolizumab
4	Somatic	CDK4	Amplification	Dedifferentiated Liposarcoma, Well-Differentiated Liposarcoma	Abemaciclib
4	Somatic	CDK4	Amplification	Dedifferentiated Liposarcoma, Well-Differentiated Liposarcoma	Palbociclib
4	Somatic	CDKN2A	Oncogenic Mutations	All Solid Tumors	Abemaciclib
4	Somatic	CDKN2A	Oncogenic Mutations	All Solid Tumors	Palbociclib
4	Somatic	CDKN2A	Oncogenic Mutations	All Solid Tumors	Ribociclib
4	Somatic	EGFR	A289V, R108K, T263P	Glioma	Lapatinib
4	Somatic	EGFR	A763_Y764insFQEA	Non-Small Cell Lung Cancer	Afatinib
4	Somatic	EGFR	Amplification	Glioma	Lapatinib
4	Somatic	EGFR	D761Y	Non-Small Cell Lung Cancer	Osimertinib
4	Somatic	EGFR	Exon 19 in-frame insertions	Non-Small Cell Lung Cancer	Afatinib
4	Somatic	EGFR	Kinase Domain Duplication	Non-Small Cell Lung Cancer	Erlotinib
4	Somatic	EGFR	Kinase Domain Duplication	Non-Small Cell Lung Cancer	Gefitinib
4	Somatic	EGFR	L747P	Non-Small Cell Lung Cancer	Afatinib
4	Somatic	ERBB2	Oncogenic Mutations	Biliary Tract, Hepatobiliary Cancer	Neratinib
4	Somatic	ERBB2	Oncogenic Mutations	Biliary Tract, Hepatobiliary Cancer	Pertuzumab + Trastuzumab
4	Somatic	ERBB2	Oncogenic Mutations	Biliary Tract, Hepatobiliary Cancer	Trastuzumab Deruxtecan
4	Somatic	FBXW7	Oncogenic Mutations	All Solid Tumors	Lunresertib + Camonsertib
4	Somatic	FGFR1	Oncogenic Mutations	All Solid Tumors	Erdafitinib
4	Somatic	FGFR1	Oncogenic Mutations	All Solid Tumors	Fexagratinib
4	Somatic	FGFR2	Amplification	All Solid Tumors	Lirafugratinib
4	Somatic	FGFR2	Oncogenic Mutations	All Solid Tumors (excluding Bladder Cancer, Cholangiocarcinoma)	Lirafugratinib
4	Somatic	FGFR2	Oncogenic Mutations	All Solid Tumors (excluding Bladder Cancer)	Erdafitinib
4	Somatic	FGFR2	Oncogenic Mutations	All Solid Tumors (excluding Bladder Cancer)	Fexagratinib
4	Somatic	FGFR2	Oncogenic Mutations (excluding Fusions)	Bladder Cancer	Erdafitinib
4	Somatic	FGFR2	Oncogenic Mutations (excluding Fusions)	Bladder Cancer	Fexagratinib
4	Somatic	FGFR2	Oncogenic Mutations (excluding Fusions)	Bladder Cancer	Lirafugratinib
4	Somatic	FGFR3	Oncogenic Mutations	All Solid Tumors	Erdafitinib
4	Somatic	FGFR3	Oncogenic Mutations	All Solid Tumors	Fexagratinib
4	Somatic	FLI1	EWSR1-FLI1 Fusion	Ewing Sarcoma of Soft Tissue, Ewing Sarcoma	TK216
4	Somatic	KDM6A	Oncogenic Mutations	Bladder Cancer	Tazemetostat
4	Somatic	KIT	A829P, C809G, D816, D820, N822, Y823D	Gastrointestinal Stromal Tumor	Nilotinib
4	Somatic	KIT	A829P, C809G, D816, D820, N822, Y823D	Gastrointestinal Stromal Tumor	Pazopanib
4	Somatic	KRAS	G12A, G12D, G12R, G12S, G12V	All Solid Tumors	Daraxonrasib
4	Somatic	KRAS	G12D	All Solid Tumors	MRTX1133
4	Somatic	KRAS	G12D	All Solid Tumors	Setidegrasib
4	Somatic	KRAS	Oncogenic Mutations	All Solid Tumors	Binimetinib
4	Somatic	KRAS	Oncogenic Mutations	All Solid Tumors	Cobimetinib
4	Somatic	KRAS	Oncogenic Mutations	All Solid Tumors	Trametinib
4	Somatic	MDM2	Amplification	All Solid Tumors	Brigimadlin
4	Somatic	MDM2	Amplification	Dedifferentiated Liposarcoma	Milademetan
4	Somatic	MDM2	Amplification	Well-Differentiated Liposarcoma	Milademetan
4	Somatic	MET	Fusions	All Solid Tumors	Crizotinib
4	Somatic	MET	H1106D, M1250T, N1100S, R1170Q, V1092I	Non-Small Cell Lung Cancer	Capmatinib
4	Somatic	MET	H1106D, M1250T, N1100S, R1170Q, V1092I	Non-Small Cell Lung Cancer	Elzovantinib
4	Somatic	MET	H1106D, M1250T, N1100S, R1170Q, V1092I	Non-Small Cell Lung Cancer	Tepotinib
4	Somatic	MTOR	Oncogenic Mutations	All Solid Tumors	Everolimus
4	Somatic	MTOR	Oncogenic Mutations	All Solid Tumors	Temsirolimus
4	Somatic	NF1	Oncogenic Mutations	All Solid Tumors	Cobimetinib
4	Somatic	NF1	Oncogenic Mutations	All Solid Tumors	Trametinib
4	Somatic	NRAS	Oncogenic Mutations	Melanoma	Binimetinib + Ribociclib
4	Somatic	NTRK1	Fusions	All Solid Tumors	Zurletrectinib
4	Somatic	NTRK1	G595R	All Solid Tumors	Zurletrectinib
4	Somatic	NTRK2	Fusions	All Solid Tumors	Zurletrectinib
4	Somatic	NTRK3	Fusions	All Solid Tumors	Zurletrectinib
4	Somatic	NTRK3	G623R	All Solid Tumors	Zurletrectinib
4	Somatic	PIK3CA	Oncogenic Mutations	All Solid Tumors	RLY-2608
4	Somatic	PIK3CA	Oncogenic Mutations	Breast Cancer	RLY-2608 + Fulvestrant
4	Somatic	PPP2R1A	Oncogenic Mutations	All Solid Tumors	Lunresertib + Camonsertib
4	Somatic	PTEN	Oncogenic Mutations	All Solid Tumors	AZD8186
4	Somatic	PTEN	Oncogenic Mutations	All Solid Tumors	GSK2636771
4	Somatic	SF3B1	Oncogenic Mutations	Acute Myeloid Leukemia	Emavusertib
4	Somatic	SF3B1	Oncogenic Mutations	Chronic Myelomonocytic Leukemia, Myelodysplastic Syndromes	Ceralasertib
4	Somatic	SF3B1	Oncogenic Mutations	Myelodysplastic Syndromes	Emavusertib
4	Somatic	SMARCB1	Oncogenic Mutations	All Liquid Tumors	Tazemetostat
4	Somatic	SRSF2	Oncogenic Mutations	Chronic Myelomonocytic Leukemia, Myelodysplastic Syndromes	Ceralasertib
4	Somatic	STK11	Oncogenic Mutations	Non-Small Cell Lung Cancer	Bemcentinib + Pembrolizumab
4	Somatic	U2AF1	Oncogenic Mutations	Acute Myeloid Leukemia	Emavusertib
4	Somatic	U2AF1	Oncogenic Mutations	Chronic Myelomonocytic Leukemia, Myelodysplastic Syndromes	Ceralasertib
4	Somatic	U2AF1	Oncogenic Mutations	Myelodysplastic Syndromes	Emavusertib
4	Somatic	ZRSR2	Oncogenic Mutations	Chronic Myelomonocytic Leukemia, Myelodysplastic Syndromes	Ceralasertib
R2	Somatic	ALK	C1156Y	Non-Small Cell Lung Cancer	Crizotinib
R2	Somatic	ALK	G1202R	Non-Small Cell Lung Cancer	Alectinib
R2	Somatic	ALK	G1202R	Non-Small Cell Lung Cancer	Brigatinib
R2	Somatic	ALK	G1202R	Non-Small Cell Lung Cancer	Ceritinib
R2	Somatic	ALK	G1202R	Non-Small Cell Lung Cancer	Crizotinib
R2	Somatic	ALK	G1269A	Non-Small Cell Lung Cancer	Crizotinib
R2	Somatic	ALK	I1171N	Non-Small Cell Lung Cancer	Alectinib
R2	Somatic	ALK	L1196M	Non-Small Cell Lung Cancer	Crizotinib
R2	Somatic	BTK	C481F	Chronic Lymphocytic Leukemia/Small Lymphocytic Lymphoma	Ibrutinib
R2	Somatic	BTK	C481R	Chronic Lymphocytic Leukemia/Small Lymphocytic Lymphoma	Ibrutinib
R2	Somatic	BTK	C481Y	Chronic Lymphocytic Leukemia/Small Lymphocytic Lymphoma	Ibrutinib
R2	Somatic	BTK	T316A	Chronic Lymphocytic Leukemia/Small Lymphocytic Lymphoma	Ibrutinib
R2	Somatic	BTK	T474I	Chronic Lymphocytic Leukemia/Small Lymphocytic Lymphoma	Ibrutinib
R2	Somatic	BTK	T474S	Chronic Lymphocytic Leukemia/Small Lymphocytic Lymphoma	Ibrutinib
R2	Somatic	EGFR	C797G	Non-Small Cell Lung Cancer	Osimertinib
R2	Somatic	EGFR	C797S	Non-Small Cell Lung Cancer	Osimertinib
R2	Somatic	EGFR	D761Y	Non-Small Cell Lung Cancer	Gefitinib
R2	Somatic	EGFR	G465E	Colorectal Cancer	Cetuximab
R2	Somatic	EGFR	G465E	Colorectal Cancer	Panitumumab
R2	Somatic	EGFR	G465R	Colorectal Cancer	Cetuximab
R2	Somatic	EGFR	G465R	Colorectal Cancer	Panitumumab
R2	Somatic	EGFR	G724S	Non-Small Cell Lung Cancer	Osimertinib
R2	Somatic	EGFR	L718Q	Non-Small Cell Lung Cancer	Osimertinib
R2	Somatic	EGFR	L718V	Non-Small Cell Lung Cancer	Osimertinib
R2	Somatic	EGFR	L792F	Non-Small Cell Lung Cancer	Osimertinib
R2	Somatic	EGFR	L792H	Non-Small Cell Lung Cancer	Osimertinib
R2	Somatic	EGFR	S464L	Colorectal Cancer	Cetuximab
R2	Somatic	EGFR	S464L	Colorectal Cancer	Panitumumab
R2	Somatic	EGFR	S492R	Colorectal Cancer	Cetuximab
R2	Somatic	EGFR	V441D	Colorectal Cancer	Cetuximab
R2	Somatic	EGFR	V441D	Colorectal Cancer	Panitumumab
R2	Somatic	EGFR	V441G	Colorectal Cancer	Cetuximab
R2	Somatic	EGFR	V441G	Colorectal Cancer	Panitumumab
R2	Somatic	KIT	A829P	Gastrointestinal Stromal Tumor	Imatinib
R2	Somatic	KIT	A829P	Gastrointestinal Stromal Tumor	Sunitinib
R2	Somatic	KIT	C809G	Gastrointestinal Stromal Tumor	Imatinib
R2	Somatic	KIT	C809G	Gastrointestinal Stromal Tumor	Sunitinib
R2	Somatic	KIT	D816	Gastrointestinal Stromal Tumor	Imatinib
R2	Somatic	KIT	D816	Gastrointestinal Stromal Tumor	Sunitinib
R2	Somatic	KIT	D820	Gastrointestinal Stromal Tumor	Imatinib
R2	Somatic	KIT	D820	Gastrointestinal Stromal Tumor	Sunitinib
R2	Somatic	KIT	N822	Gastrointestinal Stromal Tumor	Imatinib
R2	Somatic	KIT	N822	Gastrointestinal Stromal Tumor	Sunitinib
R2	Somatic	KIT	T670I	Gastrointestinal Stromal Tumor	Imatinib
R2	Somatic	KIT	V654A	Gastrointestinal Stromal Tumor	Imatinib
R2	Somatic	KIT	Y823D	Gastrointestinal Stromal Tumor	Imatinib
R2	Somatic	KIT	Y823D	Gastrointestinal Stromal Tumor	Sunitinib
R2	Somatic	MET	Amplification	Non-Small Cell Lung Cancer	Erlotinib
R2	Somatic	MET	Amplification	Non-Small Cell Lung Cancer	Gefitinib
R2	Somatic	MET	Amplification	Non-Small Cell Lung Cancer	Osimertinib
R2	Somatic	MET	D1228N	Non-Small Cell Lung Cancer	Cabozantinib
R2	Somatic	MET	D1228N	Non-Small Cell Lung Cancer	Capmatinib
R2	Somatic	MET	D1228N	Non-Small Cell Lung Cancer	Crizotinib
R2	Somatic	MET	Y1230H	Non-Small Cell Lung Cancer	Capmatinib
R2	Somatic	MET	Y1230H	Non-Small Cell Lung Cancer	Crizotinib
R2	Somatic	NTRK1	G595R	All Solid Tumors	Entrectinib
R2	Somatic	ROS1	G2032R	Non-Small Cell Lung Cancer	Crizotinib
R2	Somatic	ROS1	G2032R	Non-Small Cell Lung Cancer	Lorlatinib
R2	Somatic	ROS1	L2086F	Non-Small Cell Lung Cancer	Lorlatinib
R2	Somatic	ROS1	L2086F	Non-Small Cell Lung Cancer	Repotrectinib
Dx1	Somatic	ABL1	BCR-ABL1 Fusion	AML with BCR-ABL1	
Dx1	Somatic	ABL1	BCR-ABL1 Fusion	B-Lymphoblastic Leukemia/Lymphoma with t(9;22)(q34.1;q11.2);BCR-ABL1	
Dx1	Somatic	ABL1	BCR-ABL1 Fusion	Chronic Myeloid Leukemia, BCR-ABL1+	
Dx1	Somatic	ABL1	BCR-ABL1 Fusion	Mixed Phenotype Acute Leukemia with t(9;22)(q34.1;q11.2); BCR-ABL1	
Dx1	Somatic	ABL1	Fusions	B-Lymphoblastic Leukemia/Lymphoma, BCR-ABL1 Like	
Dx1	Somatic	ABL2	Fusions	B-Lymphoblastic Leukemia/Lymphoma, BCR-ABL1 Like	
Dx1	Somatic	ALK	Fusions	ALK Positive Large B-Cell Lymphoma	
Dx1	Somatic	ALK	Fusions	Anaplastic Large-Cell Lymphoma ALK Positive	
Dx1	Somatic	CBFB	CBFB-MYH11 Fusion	AML with inv(16)(p13.1q22) or t(16;16)(p13.1;q22);CBFB-MYH11	
Dx1	Somatic	CEBPA	R300G, bZIP Region In-Frame Deletions, bZIP Region In-Frame Insertions	AML with Biallelic Mutations of CEBPA	
Dx1	Somatic	CRLF2	Fusions	B-Lymphoblastic Leukemia/Lymphoma, BCR-ABL1 Like	
Dx1	Somatic	DEK	DEK-NUP214 Fusion	AML with t(6;9)(p23;q34.1);DEK-NUP214	
Dx1	Somatic	EPOR	Fusions	B-Lymphoblastic Leukemia/Lymphoma, BCR-ABL1 Like	
Dx1	Somatic	FGFR1	Fusions	Myeloid/Lymphoid Neoplasms with FGFR1 Rearrangement	
Dx1	Somatic	IL3	IGH-IL3 Fusion	B-Lymphoblastic Leukemia/Lymphoma with t(5;14)(q31.1;q32.3) IL3-IGH	
Dx1	Somatic	IRF4	Fusions	Large B-Cell Lymphoma with IRF4 Rearrangement	
Dx1	Somatic	JAK2	Fusions	B-Lymphoblastic Leukemia/Lymphoma, BCR-ABL1 Like	
Dx1	Somatic	JAK2	PCM1-JAK2 Fusion	Myeloid/Lymphoid Neoplasms with PCM1-JAK2	
Dx1	Somatic	KMT2A	Fusions	B-Lymphoblastic Leukemia/Lymphoma with t(v;11q23.3);KMT2A Rearranged	
Dx1	Somatic	KMT2A	Fusions	Mixed Phenotype Acute Leukemia with t(v;11q23.3); KMT2A Rearranged	
Dx1	Somatic	KMT2A	KMT2A-MLLT3 Fusion	AML with t(9;11)(p21.3;q23.3);MLLT3-KMT2A	
Dx1	Somatic	MYC	Fusions	High-Grade B-Cell Lymphoma, with MYC and BCL2 and/or BCL6 Rearrangements	
Dx1	Somatic	NPM1	Oncogenic Mutations	AML with Mutated NPM1	
Dx1	Somatic	PDGFRA	Fusions	Myeloid/Lymphoid Neoplasms with PDGFRA Rearrangement	
Dx1	Somatic	PDGFRB	Fusions	B-Lymphoblastic Leukemia/Lymphoma, BCR-ABL1 Like	
Dx1	Somatic	PDGFRB	Fusions	Myeloid/Lymphoid Neoplasms with PDGFRB Rearrangement	
Dx1	Somatic	RARA	Fusions	APL with PML-RARA	
Dx1	Somatic	RBM15	RBM15-MRTFA Fusion	AML (megakaryoblastic) with t(1;22)(p13.3;q13.3);RBM15-MKL1	
Dx1	Somatic	RUNX1	ETV6-RUNX1 Fusion	B-Lymphoblastic Leukemia/Lymphoma with t(12;21)(p13.2;q22.1); ETV6-RUNX1	
Dx1	Somatic	RUNX1	Oncogenic Mutations	AML with Mutated RUNX1	
Dx1	Somatic	RUNX1	RUNX1-RUNX1T1 Fusion	AML with t(8;21)(q22;q22.1);RUNX1-RUNX1T1	
Dx1	Somatic	TCF3	TCF3-PBX1 Fusion	B-Lymphoblastic Leukemia/Lymphoma with t(1;19)(q23;p13.3);TCF3-PBX1	
Dx1	Somatic	TYK2	Fusions	B-Lymphoblastic Leukemia/Lymphoma, BCR-ABL1 Like	
Dx2	Somatic	ASXL1	Oncogenic Mutations	Chronic Myelomonocytic Leukemia	
Dx2	Somatic	ASXL1	Oncogenic Mutations	Myelodysplastic Syndromes	
Dx2	Somatic	BCL2	Fusions	High-Grade B-Cell Lymphoma, with MYC and BCL2 and/or BCL6 Rearrangements	
Dx2	Somatic	BCL2	IGH-BCL2 Fusion	Follicular Lymphoma	
Dx2	Somatic	BCL6	Fusions	High-Grade B-Cell Lymphoma, with MYC and BCL2 and/or BCL6 Rearrangements	
Dx2	Somatic	BCOR	Oncogenic Mutations	Chronic Myelomonocytic Leukemia	
Dx2	Somatic	BCOR	Oncogenic Mutations	Myelodysplastic Syndromes	
Dx2	Somatic	BRAF	V600E	Hairy Cell Leukemia	
Dx2	Somatic	BRAF	V600E	Langerhans Cell Histiocytosis	
Dx2	Somatic	CALR	Oncogenic Mutations	Essential Thrombocythemia	
Dx2	Somatic	CALR	Oncogenic Mutations	MDS/MPN with Ring Sideroblasts and Thrombocytosis	
Dx2	Somatic	CALR	Oncogenic Mutations	Myeloproliferative Neoplasms	
Dx2	Somatic	CALR	Oncogenic Mutations	Primary Myelofibrosis	
Dx2	Somatic	CBL	Oncogenic Mutations	Chronic Myelomonocytic Leukemia	
Dx2	Somatic	CBL	Oncogenic Mutations	Juvenile Myelomonocytic Leukemia	
Dx2	Somatic	CBL	Oncogenic Mutations	Myelodysplastic Syndromes	
Dx2	Somatic	CCND1	IGH-CCND1 Fusion	Mantle Cell Lymphoma	
Dx2	Somatic	CDKN2A	Deletion	AML with BCR-ABL1	
Dx2	Somatic	CDKN2A	Deletion	B-Lymphoblastic Leukemia/Lymphoma	
Dx2	Somatic	CDKN2A	Deletion	T-Lymphoblastic Leukemia/Lymphoma	
Dx2	Somatic	CDKN2A (p14)	Deletion	AML with BCR-ABL1	
Dx2	Somatic	CDKN2A (p14)	Deletion	B-Lymphoblastic Leukemia/Lymphoma	
Dx2	Somatic	CDKN2A (p14)	Deletion	T-Lymphoblastic Leukemia/Lymphoma	
Dx2	Somatic	CREBBP	KAT6A-CREBBP Fusion	Acute Myeloid Leukemia	
Dx2	Somatic	CSF3R	Oncogenic Mutations	Chronic Neutrophilic Leukemia	
Dx2	Somatic	DNMT3A	Oncogenic Mutations	Myelodysplastic Syndromes	
Dx2	Somatic	ETNK1	Oncogenic Mutations	Atypical Chronic Myeloid Leukemia, BCR-ABL1-	
Dx2	Somatic	ETV6	Oncogenic Mutations	Myelodysplastic Syndromes	
Dx2	Somatic	EZH2	Oncogenic Mutations	Chronic Myelomonocytic Leukemia	
Dx2	Somatic	EZH2	Oncogenic Mutations	Myelodysplastic Syndromes	
Dx2	Somatic	FBXW7	Oncogenic Mutations	T-Lymphoblastic Leukemia/Lymphoma	
Dx2	Somatic	FGFR3	IGH-FGFR3 Fusion	Plasma Cell Myeloma	
Dx2	Somatic	FLT3	D835, D839G, I836, I867S, N676K, N841I, R834Q, Y842C	Acute Myeloid Leukemia	
Dx2	Somatic	FLT3	Internal Tandem Duplication	Acute Myeloid Leukemia	
Dx2	Somatic	GATA1	MYB-GATA1 Fusion	Acute Myeloid Leukemia	
Dx2	Somatic	GATA1	Oncogenic Mutations	Myeloid Proliferations Related to Down Syndrome	
Dx2	Somatic	IDH1	Oncogenic Mutations	Acute Myeloid Leukemia	
Dx2	Somatic	IDH1	R132	Myelodysplastic Syndromes	
Dx2	Somatic	IDH2	Oncogenic Mutations	Acute Myeloid Leukemia	
Dx2	Somatic	IKZF1	Deletion	AML with BCR-ABL1	
Dx2	Somatic	IKZF1	Deletion	B-Lymphoblastic Leukemia/Lymphoma	
Dx2	Somatic	IKZF1	Deletion	B-Lymphoblastic Leukemia/Lymphoma, BCR-ABL1 Like	
Dx2	Somatic	JAK2	Exon 12 in-frame deletions, Exon 12 in-frame insertions, Exon 12 missense mutations	Polycythemia Vera	
Dx2	Somatic	JAK2	Oncogenic Mutations	Essential Thrombocythemia	
Dx2	Somatic	JAK2	Oncogenic Mutations	Myeloproliferative Neoplasms	
Dx2	Somatic	JAK2	Oncogenic Mutations	Primary Myelofibrosis	
Dx2	Somatic	JAK2	V617F	MDS/MPN with Ring Sideroblasts and Thrombocytosis	
Dx2	Somatic	JAK2	V617F	Polycythemia Vera	
Dx2	Somatic	KIT	D816V	Systemic Mastocytosis	
Dx2	Somatic	KIT	Oncogenic Mutations	AML with t(8;21)(q22;q22.1);RUNX1-RUNX1T1	
Dx2	Somatic	KMT2A	Fusions	Acute Myeloid Leukemia	
Dx2	Somatic	KMT2A	Fusions	Myeloid Sarcoma	
Dx2	Somatic	KMT2A	Fusions	T-Lymphoblastic Leukemia/Lymphoma	
Dx2	Somatic	KRAS	Oncogenic Mutations	Juvenile Myelomonocytic Leukemia	
Dx2	Somatic	KRAS	Oncogenic Mutations	Myelodysplastic Syndromes	
Dx2	Somatic	LMO2	Fusions	T-Lymphoblastic Leukemia/Lymphoma	
Dx2	Somatic	MPL	Oncogenic Mutations	Essential Thrombocythemia	
Dx2	Somatic	MPL	Oncogenic Mutations	Myeloproliferative Neoplasms	
Dx2	Somatic	MPL	Oncogenic Mutations	Primary Myelofibrosis	
Dx2	Somatic	MPL	W515	MDS/MPN with Ring Sideroblasts and Thrombocytosis	
Dx2	Somatic	MYC	Fusions	Burkitt Lymphoma	
Dx2	Somatic	MYD88	L265P	Lymphoplasmacytic Lymphoma	
Dx2	Somatic	NF1	Oncogenic Mutations	Chronic Myelomonocytic Leukemia	
Dx2	Somatic	NF1	Oncogenic Mutations	Juvenile Myelomonocytic Leukemia	
Dx2	Somatic	NOTCH1	Oncogenic Mutations	T-Lymphoblastic Leukemia/Lymphoma	
Dx2	Somatic	NPM1	Oncogenic Mutations	Myeloid Sarcoma	
Dx2	Somatic	NRAS	Oncogenic Mutations	Chronic Myelomonocytic Leukemia	
Dx2	Somatic	NRAS	Oncogenic Mutations	Juvenile Myelomonocytic Leukemia	
Dx2	Somatic	NRAS	Oncogenic Mutations	Myelodysplastic Syndromes	
Dx2	Somatic	NSD2	IGH-NSD2 Fusion	Plasma Cell Myeloma	
Dx2	Somatic	PHF6	Oncogenic Mutations	Myelodysplastic Syndromes	
Dx2	Somatic	PHF6	Oncogenic Mutations	T-Lymphoblastic Leukemia/Lymphoma	
Dx2	Somatic	PPM1D	Oncogenic Mutations	Myelodysplastic Syndromes	
Dx2	Somatic	PTPN11	Oncogenic Mutations	Juvenile Myelomonocytic Leukemia	
Dx2	Somatic	RUNX1	Oncogenic Mutations	Chronic Myelomonocytic Leukemia	
Dx2	Somatic	RUNX1	Oncogenic Mutations	Myelodysplastic Syndromes	
Dx2	Somatic	SETBP1	D868, E858, G870, I865, S869, T864	Chronic Myelomonocytic Leukemia	
Dx2	Somatic	SETBP1	D868, E858, G870, I865, S869, T864	Myelodysplastic Syndromes	
Dx2	Somatic	SETBP1	Oncogenic Mutations	Atypical Chronic Myeloid Leukemia, BCR-ABL1-	
Dx2	Somatic	SF3B1	Oncogenic Mutations	MDS with Ring Sideroblasts	
Dx2	Somatic	SF3B1	Oncogenic Mutations	MDS/MPN with Ring Sideroblasts and Thrombocytosis	
Dx2	Somatic	SF3B1	Oncogenic Mutations	Myelodysplastic Syndromes	
Dx2	Somatic	SRSF2	Oncogenic Mutations	Chronic Myelomonocytic Leukemia	
Dx2	Somatic	SRSF2	P95	MDS with Ring Sideroblasts	
Dx2	Somatic	SRSF2	P95	Myelodysplastic Syndromes	
Dx2	Somatic	STAG2	Oncogenic Mutations	Myelodysplastic Syndromes	
Dx2	Somatic	TAL1	Fusions	T-Lymphoblastic Leukemia/Lymphoma	
Dx2	Somatic	TCL1A	TRA-TCL1A Fusion	T-Cell Prolymphocytic Leukemia	
Dx2	Somatic	TCL1B	TRA-TCL1B Fusion	T-Cell Prolymphocytic Leukemia	
Dx2	Somatic	TET2	Oncogenic Mutations	Chronic Myelomonocytic Leukemia	
Dx2	Somatic	TET2	Oncogenic Mutations	Myelodysplastic Syndromes	
Dx2	Somatic	TLX1	Fusions	T-Lymphoblastic Leukemia/Lymphoma	
Dx2	Somatic	TLX3	Fusions	T-Lymphoblastic Leukemia/Lymphoma	
Dx2	Somatic	TRA	Fusions	T-Lymphoblastic Leukemia/Lymphoma	
Dx2	Somatic	TRB	Fusions	T-Lymphoblastic Leukemia/Lymphoma	
Dx2	Somatic	TRD	Fusions	T-Lymphoblastic Leukemia/Lymphoma	
Dx2	Somatic	TRG	Fusions	T-Lymphoblastic Leukemia/Lymphoma	
Dx2	Somatic	U2AF1	Oncogenic Mutations	MDS with Ring Sideroblasts	
Dx2	Somatic	U2AF1	Oncogenic Mutations	Myelodysplastic Syndromes	
Dx2	Somatic	ZRSR2	Oncogenic Mutations	MDS with Ring Sideroblasts	
Dx2	Somatic	ZRSR2	Oncogenic Mutations	Myelodysplastic Syndromes	
Dx3	Somatic	ASXL1	Oncogenic Mutations	AML with Myelodysplasia-Related Changes	
Dx3	Somatic	BCL10	IGH-BCL10 Fusion	Extranodal Marginal Zone Lymphoma of Mucosa-Associated Lymphoid Tissue (MALT lymphoma)	
Dx3	Somatic	BCL2	IGH-BCL2 Fusion	Diffuse Large B-Cell Lymphoma, NOS	
Dx3	Somatic	BCL6	Fusions	Diffuse Large B-Cell Lymphoma, NOS	
Dx3	Somatic	BIRC3	Oncogenic Mutations	Chronic Lymphocytic Leukemia/Small Lymphocytic Lymphoma	
Dx3	Somatic	BRAF	Oncogenic Mutations	Early T-Cell Precursor Lymphoblastic Leukemia	
Dx3	Somatic	BRAF	V600E	Erdheim-Chester Disease	
Dx3	Somatic	CARD11	Oncogenic Mutations	Diffuse Large B-Cell Lymphoma, NOS	
Dx3	Somatic	CD274	Amplification	Classical Hodgkin Lymphoma	
Dx3	Somatic	CD274	Amplification	Primary Mediastinal (Thymic) Large B-Cell Lymphoma	
Dx3	Somatic	CD79B	Oncogenic Mutations	Diffuse Large B-Cell Lymphoma, NOS	
Dx3	Somatic	CIITA	Fusions	Classical Hodgkin Lymphoma	
Dx3	Somatic	CIITA	Fusions	Primary Mediastinal (Thymic) Large B-Cell Lymphoma	
Dx3	Somatic	CREBBP	Oncogenic Mutations	Diffuse Large B-Cell Lymphoma, NOS	
Dx3	Somatic	CREBBP	Oncogenic Mutations	Follicular Lymphoma	
Dx3	Somatic	DNMT3A	Oncogenic Mutations	Angioimmunoblastic T-Cell Lymphoma	
Dx3	Somatic	DNMT3A	Oncogenic Mutations	Early T-Cell Precursor Lymphoblastic Leukemia	
Dx3	Somatic	ECT2L	Oncogenic Mutations	Early T-Cell Precursor Lymphoblastic Leukemia	
Dx3	Somatic	EED	Oncogenic Mutations	Early T-Cell Precursor Lymphoblastic Leukemia	
Dx3	Somatic	EP300	Oncogenic Mutations	Early T-Cell Precursor Lymphoblastic Leukemia	
Dx3	Somatic	EP300	Oncogenic Mutations	Follicular Lymphoma	
Dx3	Somatic	ETV6	Oncogenic Mutations	Early T-Cell Precursor Lymphoblastic Leukemia	
Dx3	Somatic	EZH2	Oncogenic Mutations	Diffuse Large B-Cell Lymphoma, NOS	
Dx3	Somatic	EZH2	Oncogenic Mutations	Early T-Cell Precursor Lymphoblastic Leukemia	
Dx3	Somatic	EZH2	Oncogenic Mutations	Follicular Lymphoma	
Dx3	Somatic	FLT3	Oncogenic Mutations	Early T-Cell Precursor Lymphoblastic Leukemia	
Dx3	Somatic	FOXP1	IGH-FOXP1 Fusion	Extranodal Marginal Zone Lymphoma of Mucosa-Associated Lymphoid Tissue (MALT lymphoma)	
Dx3	Somatic	GATA2	Oncogenic Mutations	Early T-Cell Precursor Lymphoblastic Leukemia	
Dx3	Somatic	GATA3	Oncogenic Mutations	Early T-Cell Precursor Lymphoblastic Leukemia	
Dx3	Somatic	ID3	Oncogenic Mutations	Burkitt Lymphoma	
Dx3	Somatic	IDH1	Oncogenic Mutations	Therapy-Related Myeloid Neoplasms	
Dx3	Somatic	IDH2	Oncogenic Mutations	Angioimmunoblastic T-Cell Lymphoma	
Dx3	Somatic	IL7R	Oncogenic Mutations	Early T-Cell Precursor Lymphoblastic Leukemia	
Dx3	Somatic	IRF4	DUSP22-IRF4 Fusion	Anaplastic Large-Cell Lymphoma ALK Negative	
Dx3	Somatic	IRF4	Fusions	Primary Cutaneous DLBCL, Leg Type	
Dx3	Somatic	JAK1	Oncogenic Mutations	Early T-Cell Precursor Lymphoblastic Leukemia	
Dx3	Somatic	JAK3	Oncogenic Mutations	Early T-Cell Precursor Lymphoblastic Leukemia	
Dx3	Somatic	KLF2	Oncogenic Mutations	Splenic Marginal Zone Lymphoma	
Dx3	Somatic	KMT2D	Oncogenic Mutations	Diffuse Large B-Cell Lymphoma, NOS	
Dx3	Somatic	KMT2D	Oncogenic Mutations	Follicular Lymphoma	
Dx3	Somatic	KRAS	Oncogenic Mutations	Early T-Cell Precursor Lymphoblastic Leukemia	
Dx3	Somatic	MALT1	BIRC3-MALT1 Fusion	Extranodal Marginal Zone Lymphoma of Mucosa-Associated Lymphoid Tissue (MALT lymphoma)	
Dx3	Somatic	MALT1	IGH-MALT1 Fusion	Extranodal Marginal Zone Lymphoma of Mucosa-Associated Lymphoid Tissue (MALT lymphoma)	
Dx3	Somatic	MAP2K1	Oncogenic Mutations	Langerhans Cell Histiocytosis	
Dx3	Somatic	MEF2B	Oncogenic Mutations	Diffuse Large B-Cell Lymphoma, NOS	
Dx3	Somatic	MEF2B	Oncogenic Mutations	Follicular Lymphoma	
Dx3	Somatic	MLLT10	PICALM-MLLT10 Fusion	T-Lymphoblastic Leukemia/Lymphoma	
Dx3	Somatic	MYC	Fusions	Diffuse Large B-Cell Lymphoma, NOS	
Dx3	Somatic	MYD88	L265P	Diffuse Large B-Cell Lymphoma, NOS	
Dx3	Somatic	MYD88	L265P	Primary Cutaneous DLBCL, Leg Type	
Dx3	Somatic	MYD88	L265P	Primary DLBCL of the central nervous system	
Dx3	Somatic	NOTCH1	Oncogenic Mutations	Chronic Lymphocytic Leukemia/Small Lymphocytic Lymphoma	
Dx3	Somatic	NOTCH2	Oncogenic Mutations	Splenic Marginal Zone Lymphoma	
Dx3	Somatic	NRAS	Oncogenic Mutations	Early T-Cell Precursor Lymphoblastic Leukemia	
Dx3	Somatic	PDCD1LG2	Amplification	Classical Hodgkin Lymphoma	
Dx3	Somatic	PDCD1LG2	Amplification	Primary Mediastinal (Thymic) Large B-Cell Lymphoma	
Dx3	Somatic	PHF6	Oncogenic Mutations	Early T-Cell Precursor Lymphoblastic Leukemia	
Dx3	Somatic	PTEN	Oncogenic Mutations	T-Lymphoblastic Leukemia/Lymphoma	
Dx3	Somatic	RELN	Oncogenic Mutations	Early T-Cell Precursor Lymphoblastic Leukemia	
Dx3	Somatic	RHOA	Oncogenic Mutations	Angioimmunoblastic T-Cell Lymphoma	
Dx3	Somatic	RUNX1	Oncogenic Mutations	Early T-Cell Precursor Lymphoblastic Leukemia	
Dx3	Somatic	SF3B1	Oncogenic Mutations	Chronic Lymphocytic Leukemia/Small Lymphocytic Lymphoma	
Dx3	Somatic	SH2B3	Oncogenic Mutations	Early T-Cell Precursor Lymphoblastic Leukemia	
Dx3	Somatic	SOCS1	Oncogenic Mutations	Diffuse Large B-Cell Lymphoma, NOS	
Dx3	Somatic	STAT3	Oncogenic Mutations	T-Cell Large Granular Lymphocytic Leukemia	
Dx3	Somatic	STAT5B	Oncogenic Mutations	T-Cell Large Granular Lymphocytic Leukemia	
Dx3	Somatic	SUZ12	Oncogenic Mutations	Early T-Cell Precursor Lymphoblastic Leukemia	
Dx3	Somatic	TCF3	Oncogenic Mutations	Burkitt Lymphoma	
Dx3	Somatic	TET2	Oncogenic Mutations	Angioimmunoblastic T-Cell Lymphoma	
Dx3	Somatic	TNFAIP3	Oncogenic Mutations	Follicular Lymphoma	
Dx3	Somatic	TNFRSF14	Oncogenic Mutations	Follicular Lymphoma	
Dx3	Somatic	TP63	Fusions	Anaplastic Large-Cell Lymphoma ALK Negative	
Px1	Somatic	ABL1	BCR-ABL1 Fusion	Acute Leukemias of Ambiguous Lineage	
Px1	Somatic	ABL1	BCR-ABL1 Fusion	B-Lymphoblastic Leukemia/Lymphoma	
Px1	Somatic	ABL1	Fusions	B-Lymphoblastic Leukemia/Lymphoma, BCR-ABL1 Like	
Px1	Somatic	ABL2	Fusions	B-Lymphoblastic Leukemia/Lymphoma, BCR-ABL1 Like	
Px1	Somatic	ASXL1	Oncogenic Mutations	Acute Myeloid Leukemia	
Px1	Somatic	ASXL1	Oncogenic Mutations	Chronic Myelomonocytic Leukemia	
Px1	Somatic	ASXL1	Oncogenic Mutations	Myelodysplastic Syndromes	
Px1	Somatic	ASXL1	Oncogenic Mutations	Primary Myelofibrosis	
Px1	Somatic	CALR	Oncogenic Mutations	Essential Thrombocythemia	
Px1	Somatic	CALR	Oncogenic Mutations	Primary Myelofibrosis	
Px1	Somatic	CBFB	CBFB-MYH11 Fusion	Acute Myeloid Leukemia	
Px1	Somatic	CBL	Oncogenic Mutations	Myelodysplastic Syndromes	
Px1	Somatic	CEBPA	R300G, bZIP Region In-Frame Deletions, bZIP Region In-Frame Insertions	Acute Myeloid Leukemia	
Px1	Somatic	CEBPA	R300G, bZIP Region In-Frame Deletions, bZIP Region In-Frame Insertions	AML with Biallelic Mutations of CEBPA	
Px1	Somatic	CRLF2	Fusions	B-Lymphoblastic Leukemia/Lymphoma, BCR-ABL1 Like	
Px1	Somatic	CSF1R	Fusions	B-Lymphoblastic Leukemia/Lymphoma, BCR-ABL1 Like	
Px1	Somatic	DEK	DEK-NUP214 Fusion	Acute Myeloid Leukemia	
Px1	Somatic	EPOR	Fusions	B-Lymphoblastic Leukemia/Lymphoma, BCR-ABL1 Like	
Px1	Somatic	EZH2	Oncogenic Mutations	Myelodysplastic Syndromes	
Px1	Somatic	EZH2	Oncogenic Mutations	Primary Myelofibrosis	
Px1	Somatic	FGFR3	IGH-FGFR3 Fusion	Plasma Cell Myeloma	
Px1	Somatic	FLT3	Internal Tandem Duplication	Acute Myeloid Leukemia	
Px1	Somatic	JAK2	Fusions	B-Lymphoblastic Leukemia/Lymphoma, BCR-ABL1 Like	
Px1	Somatic	JAK2	V617F	Primary Myelofibrosis	
Px1	Somatic	KIT	Oncogenic Mutations	AML with t(8;21)(q22;q22.1);RUNX1-RUNX1T1	
Px1	Somatic	KMT2A	Fusions	Acute Leukemias of Ambiguous Lineage	
Px1	Somatic	KMT2A	Fusions	B-Lymphoblastic Leukemia/Lymphoma	
Px1	Somatic	NPM1	Oncogenic Mutations	Acute Myeloid Leukemia	
Px1	Somatic	NRAS	Oncogenic Mutations	Myelodysplastic Syndromes	
Px1	Somatic	NSD2	IGH-NSD2 Fusion	Plasma Cell Myeloma	
Px1	Somatic	PDGFRB	Fusions	B-Lymphoblastic Leukemia/Lymphoma, BCR-ABL1 Like	
Px1	Somatic	RARA	Fusions	APL with PML-RARA	
Px1	Somatic	RUNX1	ETV6-RUNX1 Fusion	B-Lymphoblastic Leukemia/Lymphoma	
Px1	Somatic	RUNX1	Oncogenic Mutations	Acute Myeloid Leukemia	
Px1	Somatic	RUNX1	Oncogenic Mutations	Myelodysplastic Syndromes	
Px1	Somatic	RUNX1	RUNX1-RUNX1T1 Fusion	Acute Myeloid Leukemia	
Px1	Somatic	SF3B1	Oncogenic Mutations	MDS/MPN with Ring Sideroblasts and Thrombocytosis	
Px1	Somatic	SF3B1	Oncogenic Mutations	Myelodysplastic Syndromes	
Px1	Somatic	SRSF2	Oncogenic Mutations	Myelodysplastic Syndromes	
Px1	Somatic	SRSF2	Oncogenic Mutations	Primary Myelofibrosis	
Px1	Somatic	TP53	Deletion	Plasma Cell Myeloma	
Px1	Somatic	TP53	Oncogenic Mutations	Acute Myeloid Leukemia	
Px1	Somatic	TP53	Oncogenic Mutations	AML with Myelodysplasia-Related Changes	
Px1	Somatic	TP53	Oncogenic Mutations	Chronic Lymphocytic Leukemia/Small Lymphocytic Lymphoma	
Px1	Somatic	TP53	Oncogenic Mutations	Essential Thrombocythemia	
Px1	Somatic	TP53	Oncogenic Mutations	Myelodysplastic Syndromes	
Px1	Somatic	TP53	Oncogenic Mutations	Myeloproliferative Neoplasms	
Px1	Somatic	TP53	Oncogenic Mutations	Primary Myelofibrosis	
Px1	Somatic	TP53	Oncogenic Mutations	Therapy-Related Myeloid Neoplasms	
Px1	Somatic	TP63	Fusions	Anaplastic Large-Cell Lymphoma ALK Negative	
Px2	Somatic	ASXL1	Oncogenic Mutations	Polycythemia Vera	
Px2	Somatic	CCND1	IGH-CCND1 Fusion	Plasma Cell Myeloma	
Px2	Somatic	CCND3	IGH-CCND3 Fusion	Plasma Cell Myeloma	
Px2	Somatic	EZH2	Oncogenic Mutations	Essential Thrombocythemia	
Px2	Somatic	IDH1	Oncogenic Mutations	Primary Myelofibrosis	
Px2	Somatic	IDH2	Oncogenic Mutations	Essential Thrombocythemia	
Px2	Somatic	IDH2	Oncogenic Mutations	Polycythemia Vera	
Px2	Somatic	IDH2	Oncogenic Mutations	Primary Myelofibrosis	
Px2	Somatic	MAF	IGH-MAF Fusion	Plasma Cell Myeloma	
Px2	Somatic	MAFB	IGH-MAFB Fusion	Plasma Cell Myeloma	
Px2	Somatic	MPL	W515K, W515L	Primary Myelofibrosis	
Px2	Somatic	SF3B1	Oncogenic Mutations	Essential Thrombocythemia	
Px2	Somatic	SH2B3	Oncogenic Mutations	Essential Thrombocythemia	
Px2	Somatic	SRSF2	Oncogenic Mutations	Polycythemia Vera	
Px2	Somatic	U2AF1	Oncogenic Mutations	Essential Thrombocythemia	
Px2	Somatic	WT1	Oncogenic Mutations	Acute Myeloid Leukemia	
Px3	Somatic	CXCR4	Oncogenic Mutations	Lymphoplasmacytic Lymphoma	
Px3	Somatic	DUSP22	Fusions	Anaplastic Large-Cell Lymphoma ALK Negative	
Px3	Somatic	FBXW7	Oncogenic Mutations	T-Lymphoblastic Leukemia/Lymphoma	
Px3	Somatic	IKZF1	Deletion	B-Lymphoblastic Leukemia/Lymphoma	
Px3	Somatic	MYD88	L265P	Lymphoplasmacytic Lymphoma	
Px3	Somatic	NOTCH1	Oncogenic Mutations	T-Lymphoblastic Leukemia/Lymphoma	
Px3	Somatic	TP53	Oncogenic Mutations	Mantle Cell Lymphoma	